Date,ISM Manufacturing Index,Manufacturing New Orders,Manufacturing Production,Manufacturing Employment,Manufacturing Deliveries,Manufacturing Inventories,Manufacturing Customers' Inventories,Prices,Order Backlog,ISM Non-Manufacturing Index,Non-Manufacturing Business Activity,Non-Manufacturing New Orders,Non-Manufacturing Employment,Non-Manufacturing Deliveries,Non-Manufacturing Inventories,Non-Manufacturing Inventory Sentiment,Non-Manufacturing Order Backlog,Non-Manufacturing Prices
Jan-48,51.70,53.3,59.1,54.8,36.3,45.3,,72.2,,,,,,,,,,
Feb-48,50.20,51.1,55.2,55.8,37.1,43.9,,62.7,,,,,,,,,,
Mar-48,43.30,43.9,47.8,44,32.7,44.5,,69.3,,,,,,,,,,
Apr-48,45.40,44.5,49.5,43.9,41.6,46.1,,75.8,,,,,,,,,,
May-48,49.50,51.2,52.1,51.8,40.4,47,,70.8,,,,,,,,,,
Jun-48,53.00,58.1,56.8,50.8,38.4,54.7,,78.5,,,,,,,,,,
Jul-48,48.40,50.4,51.4,49.1,36.8,51.1,,77.3,,,,,,,,,,
Aug-48,45.10,46,51,46.1,31.2,46.6,,77,,,,,,,,,,
Sep-48,42.10,40.6,47.9,46.1,28.3,45.2,,66,,,,,,,,,,
Oct-48,47.20,52.1,52.7,47.5,28.7,45.4,,56.6,,,,,,,,,,
Nov-48,42.40,43.2,48.9,44,28,42.6,,51,,,,,,,,,,
Dec-48,35.00,34.5,42.1,39,17.7,37,,47.5,,,,,,,,,,
Jan-49,32.90,31.4,42,34.1,16.6,36.6,,39.6,,,,,,,,,,
Feb-49,31.30,34.2,39.6,28.3,13.1,34.9,,31.3,,,,,,,,,,
Mar-49,34.50,42.1,41.9,31.1,12.4,33.3,,31.8,,,,,,,,,,
Apr-49,35.50,42.3,44.1,31.6,16.2,27.9,,13.8,,,,,,,,,,
May-49,32.60,41.1,38.2,29,15.5,25.5,,20.1,,,,,,,,,,
Jun-49,31.60,39.8,38.4,27.2,15,24.1,,10.6,,,,,,,,,,
Jul-49,39.00,49.1,47,34.8,22.4,21.5,,28.8,,,,,,,,,,
Aug-49,47.00,55.7,58.5,40,33,26.8,,42.7,,,,,,,,,,
Sep-49,52.30,58,60.3,51.4,39.9,35.8,,47.5,,,,,,,,,,
Oct-49,51.00,58.9,54.5,43.7,46.1,40.6,,42.1,,,,,,,,,,
Nov-49,51.00,58.7,55.7,42.9,51.5,31.3,,51.1,,,,,,,,,,
Dec-49,57.30,53.1,63.3,52.6,52.2,41.7,,49.9,,,,,,,,,,
Jan-50,59.10,62.3,64.3,57.7,56.3,43.6,,62.4,,,,,,,,,,
Feb-50,60.50,62.5,66.7,51.1,68,46.4,,70.9,,,,,,,,,,
Mar-50,62.10,61.8,65.8,56.9,72,48.8,,77,,,,,,,,,,
Apr-50,68.10,71,74.8,63.4,68.8,50.6,,80.2,,,,,,,,,,
May-50,74.70,76.6,78.1,69.8,82.9,58.2,,98.2,,,,,,,,,,
Jun-50,76.60,82.6,79.1,71.9,76.5,62.1,,100,,,,,,,,,,
Jul-50,77.50,80.3,77.1,72.5,89.4,62.7,,90.7,,,,,,,,,,
Aug-50,75.80,77.1,78.7,72.3,81.7,62.3,,84.8,,,,,,,,,,
Sep-50,68.10,66.4,68.6,72.2,73.7,55.2,,84.4,,,,,,,,,,
Oct-50,59.20,49,62.9,65.6,70.3,50.6,,84.8,,,,,,,,,,
Nov-50,63.10,57.2,63.6,66.7,79.1,48.3,,85.1,,,,,,,,,,
Dec-50,67.10,67.7,62.5,65.1,87.5,49.7,,91.1,,,,,,,,,,
Jan-51,67.80,67.9,63,67.8,88.7,48,,85.1,,,,,,,,,,
Feb-51,69.30,70,61.4,73.7,93.3,42.1,,86.5,,,,,,,,,,
Mar-51,65.50,61,61.2,72,85.1,47.4,,76.6,,,,,,,,,,
Apr-51,53.50,42.3,53.5,61.9,65.7,51.8,,68.5,,,,,,,,,,
May-51,50.70,45.2,54.2,58.8,45,51.2,,63.6,,,,,,,,,,
Jun-51,45.50,39.1,48.6,56.4,36.7,48.4,,52.1,,,,,,,,,,
Jul-51,42.10,38.2,41.6,53.2,32.2,47.8,,46.4,,,,,,,,,,
Aug-51,43.60,38.5,48.4,51.7,32,46.7,,43.2,,,,,,,,,,
Sep-51,48.10,48.2,50.2,48.6,46.4,43.8,,45.7,,,,,,,,,,
Oct-51,49.60,51.7,50.3,51.1,47.2,42,,54.4,,,,,,,,,,
Nov-51,47.20,49.3,50.9,50.2,34.9,44.5,,55.6,,,,,,,,,,
Dec-51,46.50,45.3,52.8,51.8,33.6,42.6,,56.6,,,,,,,,,,
Jan-52,44.70,46.8,49.5,46.9,31.3,42.5,,51.8,,,,,,,,,,
Feb-52,41.80,42.3,49.9,44.8,24.9,39.3,,52.7,,,,,,,,,,
Mar-52,40.00,43.7,48.7,41.8,18.8,35.6,,44.7,,,,,,,,,,
Apr-52,36.70,35.8,43.5,43.3,19.4,35.4,,42.6,,,,,,,,,,
May-52,39.50,43.9,45.7,42.7,22.4,30.3,,38.8,,,,,,,,,,
Jun-52,43.30,46.3,49.5,43.5,33,33.8,,40.4,,,,,,,,,,
Jul-52,48.30,69.4,37.2,39.5,47.4,31.6,,60.1,,,,,,,,,,
Aug-52,60.40,58.5,84,63.1,41.2,30.5,,54.7,,,,,,,,,,
Sep-52,56.10,60.3,66,56.2,42.7,38.6,,57.9,,,,,,,,,,
Oct-52,56.20,59.9,65.3,57.8,43.3,38.2,,54.1,,,,,,,,,,
Nov-52,56.80,58.8,65,60.9,45,39.9,,49.7,,,,,,,,,,
Dec-52,55.80,60.4,64.3,55.6,43.5,40,,48.2,,,,,,,,,,
Jan-53,59.40,64.6,69.8,61.5,41.5,40.9,,45.1,,,,,,,,,,
Feb-53,55.40,56,62.4,61.7,41.8,44.3,,54.5,,,,,,,,,,
Mar-53,50.50,47.2,54,59.4,41.8,46.4,,73.3,,,,,,,,,,
Apr-53,51.10,52,57.3,55,38.6,43.8,,69.3,,,,,,,,,,
May-53,48.90,49.3,57.1,52.3,35.1,41.2,,72.3,,,,,,,,,,
Jun-53,48.50,48.3,55.2,53.8,33.3,44.6,,69.7,,,,,,,,,,
Jul-53,46.30,44.2,53.1,54.4,28.5,45.6,,62,,,,,,,,,,
Aug-53,43.50,42.1,50.7,48.1,26.5,46.2,,55.8,,,,,,,,,,
Sep-53,40.20,39.9,46.8,43.8,23.2,43.3,,43.8,,,,,,,,,,
Oct-53,37.40,38,44.6,37.9,20.7,41.3,,45.1,,,,,,,,,,
Nov-53,36.90,40.9,43.4,35.8,20.2,35.5,,47,,,,,,,,,,
Dec-53,35.60,37.5,41.3,36.6,21.8,34.2,,47.7,,,,,,,,,,
Jan-54,37.40,42.9,45,31.5,23.6,34.2,,40.5,,,,,,,,,,
Feb-54,40.70,50.3,46,34.8,26.9,30.9,,41.6,,,,,,,,,,
Mar-54,44.70,54.7,51.5,40.2,28,31.6,,46.6,,,,,,,,,,
Apr-54,47.70,58.4,55.4,42.4,30.3,33.2,,49.7,,,,,,,,,,
May-54,50.10,60.2,56.3,44.5,34.3,39.1,,45.6,,,,,,,,,,
Jun-54,52.10,64.6,59.4,45.2,35.8,34.4,,52.5,,,,,,,,,,
Jul-54,51.70,63.8,57.4,44.4,38.1,35.7,,53.8,,,,,,,,,,
Aug-54,54.40,56.6,56.2,37.7,36.4,37.7,,41.7,,,,,,,,,,
Sep-54,53.50,62.2,57,49.7,43.6,40.8,,53,,,,,,,,,,
Oct-54,58.20,66.7,62.4,55.8,49.5,40.5,,57.6,,,,,,,,,,
Nov-54,58.80,66,63,55.1,51.9,44.7,,57.8,,,,,,,,,,
Dec-54,63.80,73.6,70.5,55.8,54.5,47.1,,59.1,,,,,,,,,,
Jan-55,63.00,66.8,69.1,59,60.6,48,,66.7,,,,,,,,,,
Feb-55,67.80,73.9,70.9,63.4,67.2,51.3,,82,,,,,,,,,,
Mar-55,67.50,71.5,71,63,68.5,54.4,,69.8,,,,,,,,,,
Apr-55,68.70,70.9,73.8,63.9,71.9,54.2,,75.2,,,,,,,,,,
May-55,69.50,72.9,73.5,66.2,68.7,56.6,,81,,,,,,,,,,
Jun-55,63.30,60.9,65.5,61.2,65.7,65.2,,75.9,,,,,,,,,,
Jul-55,66.20,67.1,72.1,60.9,67,58.4,,80.4,,,,,,,,,,
Aug-55,64.80,70.4,67.1,59.2,64.3,54.2,,79.5,,,,,,,,,,
Sep-55,62.40,63.7,64.3,59.7,66.3,53.5,,82.2,,,,,,,,,,
Oct-55,63.70,66.3,65.1,60.9,66.5,53.5,,80.5,,,,,,,,,,
Nov-55,62.00,61.5,63.9,61.3,64.9,55.5,,77.3,,,,,,,,,,
Dec-55,65.60,66.6,72.4,63.9,61.4,55.4,,80,,,,,,,,,,
Jan-56,60.20,61.8,64,62.3,53.5,52.2,,82.7,,,,,,,,,,
Feb-56,58.20,56.2,63.5,61,51.3,56.1,,83.5,,,,,,,,,,
Mar-56,57.20,57.3,61,56.9,51,57.2,,87.7,,,,,,,,,,
Apr-56,55.90,55.9,58.9,54.8,51,57.5,,87.5,,,,,,,,,,
May-56,51.20,53,52.8,51.4,38.6,60.3,,81.7,,,,,,,,,,
Jun-56,47.70,48.9,49.2,43.9,41,58.4,,65.7,,,,,,,,,,
Jul-56,44.20,44.4,38,40.8,53.9,51.5,,74.7,,,,,,,,,,
Aug-56,51.50,54.3,51.5,50.3,46.8,52.1,,76.3,,,,,,,,,,
Sep-56,55.50,60.5,60.2,52.9,42.8,53.1,,79.5,,,,,,,,,,
Oct-56,52.70,55.6,56.7,52.2,40.1,53.6,,78.1,,,,,,,,,,
Nov-56,55.00,57,62.3,56,44.6,44.6,,80.1,,,,,,,,,,
Dec-56,52.70,52.8,57.7,55.4,39.5,54.3,,78.9,,,,,,,,,,
Jan-57,53.60,57.6,56.6,56.6,36.3,53.9,,87.1,,,,,,,,,,
Feb-57,51.00,52.5,57.9,53.8,31.2,53.1,,76.9,,,,,,,,,,
Mar-57,47.50,51.1,52.1,52.5,26.3,46.6,,65.3,,,,,,,,,,
Apr-57,43.10,49.2,47.9,40.3,28.9,39.9,,59.2,,,,,,,,,,
May-57,43.40,46.1,49.9,41.9,30,41.8,,57.4,,,,,,,,,,
Jun-57,45.90,49.8,53.6,45.1,30,40.7,,62.9,,,,,,,,,,
Jul-57,45.70,47.6,49.2,45.5,36.8,45.3,,78.7,,,,,,,,,,
Aug-57,45.30,48.8,51.3,43.1,30.8,46,,65.7,,,,,,,,,,
Sep-57,45.80,53.8,50.6,42.1,28.8,42.6,,63,,,,,,,,,,
Oct-57,41.10,46.4,42.9,36.6,32.6,42.7,,60.5,,,,,,,,,,
Nov-57,40.40,47.2,44.4,34.8,27.8,39.7,,54.8,,,,,,,,,,
Dec-57,36.80,42.8,40,30.4,27.3,38,,55.5,,,,,,,,,,
Jan-58,33.40,35.2,34.9,29.7,30.3,35.8,,50.8,,,,,,,,,,
Feb-58,37.20,47.3,37.8,27.9,31,33.1,,46.5,,,,,,,,,,
Mar-58,39.80,45.3,45.1,33.4,34,31.3,,47.6,,,,,,,,,,
Apr-58,39.10,47.2,41,31.5,35.5,30.8,,42.5,,,,,,,,,,
May-58,46.60,56.7,52.6,39.7,38.5,27.7,,45.8,,,,,,,,,,
Jun-58,51.40,60.8,58.9,46.7,39.2,32.2,,49.6,,,,,,,,,,
Jul-58,54.70,66.5,61.2,47.6,43,34.6,,52.3,,,,,,,,,,
Aug-58,57.30,65.2,64.5,52.1,44.7,44.8,,65.2,,,,,,,,,,
Sep-58,59.80,67,66.8,55.5,51.1,42.5,,62.6,,,,,,,,,,
Oct-58,62.30,67.9,70,59.6,52.4,46.4,,73.3,,,,,,,,,,
Nov-58,62.70,68.5,68.3,58,55.8,51,,66.3,,,,,,,,,,
Dec-58,60.50,64.7,63.9,59,56.4,49,,63.2,,,,,,,,,,
Jan-59,64.40,69,70.7,60.8,61.8,45.5,,59.1,,,,,,,,,,
Feb-59,66.90,70.5,70.3,62.5,67.3,55.5,,66.6,,,,,,,,,,
Mar-59,67.10,70.2,71.2,62.3,66.3,58.4,,68.9,,,,,,,,,,
Apr-59,66.90,66.9,72.1,63.6,64.8,63.4,,63.6,,,,,,,,,,
May-59,68.20,69.9,73.9,64.8,63,63.8,,65.1,,,,,,,,,,
Jun-59,64.40,64.2,66.3,62.2,63.7,65.6,,69.5,,,,,,,,,,
Jul-59,61.50,61.3,64.8,59,59.1,62,,63.9,,,,,,,,,,
Aug-59,55.10,54.4,57.4,53.6,57.4,50.9,,57.6,,,,,,,,,,
Sep-59,48.30,43.7,50.9,48,57.5,42.3,,61.6,,,,,,,,,,
Oct-59,49.70,50,50.4,47.3,58.5,39.1,,63.1,,,,,,,,,,
Nov-59,50.60,51.1,51.9,48.8,54.6,43.4,,65.1,,,,,,,,,,
Dec-59,58.20,62.8,61.7,54.8,53.7,49.1,,63.6,,,,,,,,,,
Jan-60,61.50,65.4,71.9,60.8,46.2,48.3,,63.8,,,,,,,,,,
Feb-60,52.30,52.5,58.6,57.2,31.7,56.6,,60.9,,,,,,,,,,
Mar-60,47.80,52.2,52.4,48,28.8,50.7,,57.3,,,,,,,,,,
Apr-60,45.30,52,49.8,42,28.9,45.5,,60.4,,,,,,,,,,
May-60,42.60,45.8,45,42.5,32.3,42.5,,57,,,,,,,,,,
Jun-60,44.40,49.2,48.5,39.7,34.8,43.9,,52.6,,,,,,,,,,
Jul-60,43.70,45.7,48.2,42.1,35.8,41.9,,49.9,,,,,,,,,,
Aug-60,47.60,55.6,50.3,43.6,38,39.1,,50.6,,,,,,,,,,
Sep-60,45.40,50.5,50,40.2,37.3,40.8,,48.4,,,,,,,,,,
Oct-60,46.00,50.1,51.2,43.7,36.2,39.7,,45,,,,,,,,,,
Nov-60,44.30,48.2,45.6,43,37.6,41.7,,46.9,,,,,,,,,,
Dec-60,44.30,47.5,47.5,40.7,40.4,39.3,,46.6,,,,,,,,,,
Jan-61,43.90,47.2,47.3,39.7,39.2,40.5,,49.1,,,,,,,,,,
Feb-61,43.60,48.7,49.2,34.2,41.1,36.6,,50.3,,,,,,,,,,
Mar-61,49.10,55.2,55.4,42.2,42.1,38.9,,50.2,,,,,,,,,,
Apr-61,57.60,67.7,61.7,53.2,47.5,41.3,,51.8,,,,,,,,,,
May-61,58.90,64.8,66.6,56.3,47.9,44,,55,,,,,,,,,,
Jun-61,58.10,64,65.3,55.1,49.3,42,,50,,,,,,,,,,
Jul-61,58.20,64.5,64.3,54.1,49.4,45.3,,50.9,,,,,,,,,,
Aug-61,60.70,62.9,68.4,58.3,50.6,54.5,,52.2,,,,,,,,,,
Sep-61,63.00,69.5,66.8,61.1,50.7,56.3,,53.9,,,,,,,,,,
Oct-61,62.20,68.3,66.3,58.2,52.4,56.7,,55.5,,,,,,,,,,
Nov-61,59.00,65.1,58.3,59,51.1,54.6,,51.9,,,,,,,,,,
Dec-61,64.20,73.4,66.1,58.6,55.8,56.1,,56.3,,,,,,,,,,
Jan-62,60.90,59.4,66.4,60.3,57.1,59,,57.1,,,,,,,,,,
Feb-62,61.10,61.8,64.7,60.5,56.2,58.6,,54.7,,,,,,,,,,
Mar-62,60.60,60.1,66.9,57.6,57,57.5,,56.8,,,,,,,,,,
Apr-62,55.10,57.3,57.4,55.6,47.4,53.5,,53.6,,,,,,,,,,
May-62,52.20,53.6,55.3,52.3,45.2,50.3,,52,,,,,,,,,,
Jun-62,50.80,52.5,54.8,51.6,43.3,46.4,,51.7,,,,,,,,,,
Jul-62,51.00,53.2,54.7,51.2,45.1,43.8,,51.6,,,,,,,,,,
Aug-62,49.50,52.9,52.5,47,43.7,45.2,,47.7,,,,,,,,,,
Sep-62,50.00,53,52.4,49.7,45.1,42.5,,45.4,,,,,,,,,,
Oct-62,51.20,53.6,54,49.9,46.7,46.2,,43.9,,,,,,,,,,
Nov-62,53.80,57.8,56.9,48.7,48.7,51.5,,47.1,,,,,,,,,,
Dec-62,57.20,59.7,63.3,54.6,50.1,50.1,,47.3,,,,,,,,,,
Jan-63,55.20,60.9,56.5,52.5,50.4,47.4,,48.5,,,,,,,,,,
Feb-63,55.10,60.4,57.7,50.2,51,48.3,,51.7,,,,,,,,,,
Mar-63,54.70,57.5,56.3,52.4,54.9,46.8,,47.5,,,,,,,,,,
Apr-63,57.60,60.6,61,52.7,58.2,48.6,,55,,,,,,,,,,
May-63,59.80,66.9,60.4,53.5,56.4,54.2,,67.1,,,,,,,,,,
Jun-63,58.20,61.9,60.6,52.6,56.3,55,,58.7,,,,,,,,,,
Jul-63,55.50,60.1,60.4,52,43.6,54,,61,,,,,,,,,,
Aug-63,55.10,62,56.8,51.1,48.5,48.1,,59.8,,,,,,,,,,
Sep-63,56.90,59.8,63.2,54.8,49.7,47.9,,57.8,,,,,,,,,,
Oct-63,57.70,64,63.3,54.5,47.4,46.4,,76.9,,,,,,,,,,
Nov-63,57.50,63.7,64.1,53.5,48.7,43.7,,66.2,,,,,,,,,,
Dec-63,54.00,58.6,60.7,48.4,47.6,44.2,,64.4,,,,,,,,,,
Jan-64,57.10,61.3,63.3,51.4,55.3,42.9,,60,,,,,,,,,,
Feb-64,57.90,61.8,64,52.7,51.9,50.4,,60.1,,,,,,,,,,
Mar-64,60.20,61.7,64.4,55.2,60.3,54.6,,60.6,,,,,,,,,,
Apr-64,59.20,63.6,60.6,55.2,57.7,53.1,,65.4,,,,,,,,,,
May-64,58.70,59.9,61,56,61.4,50.3,,60.3,,,,,,,,,,
Jun-64,60.10,64.7,62.1,55.7,57.6,53.5,,58.9,,,,,,,,,,
Jul-64,62.90,69.9,63.7,56.3,61.8,55.5,,60.9,,,,,,,,,,
Aug-64,63.30,68,63.9,58,66.2,53.5,,61.7,,,,,,,,,,
Sep-64,63.30,63.3,64.9,56.8,71.9,59,,64.8,,,,,,,,,,
Oct-64,60.70,58.9,61.8,55,71.2,59.1,,68.8,,,,,,,,,,
Nov-64,61.80,60.7,62.1,57.3,70.3,61,,68.5,,,,,,,,,,
Dec-64,62.40,64.4,63.5,55.2,67.8,59.5,,69.6,,,,,,,,,,
Jan-65,61.00,62.3,58.2,56.7,68.5,61.4,,70.7,,,,,,,,,,
Feb-65,62.10,63.2,59.8,58.3,68.1,63.2,,64.8,,,,,,,,,,
Mar-65,64.90,68.7,65.7,61.2,65.9,57.8,,64.5,,,,,,,,,,
Apr-65,62.00,59.8,62.6,59.2,69.4,61.9,,68.7,,,,,,,,,,
May-65,61.30,60.2,62.4,56.4,68.9,60.6,,70,,,,,,,,,,
Jun-65,58.70,57.4,57.5,55.4,69.3,55.8,,73.2,,,,,,,,,,
Jul-65,58.10,56.6,59,56.2,65.1,53.8,,71.8,,,,,,,,,,
Aug-65,58.10,56,56.6,58,65.4,57.2,,70.5,,,,,,,,,,
Sep-65,61.00,63.6,63.8,56.2,61.2,55.7,,66.3,,,,,,,,,,
Oct-65,58.60,62,60.5,56.9,59.1,46.5,,68.6,,,,,,,,,,
Nov-65,59.40,61.9,60.9,54.7,65.1,48.7,,70.6,,,,,,,,,,
Dec-65,62.80,62.9,64.4,60.2,73.5,47.4,,67,,,,,,,,,,
Jan-66,65.80,66.5,68.4,62.6,74.9,49.7,,75.9,,,,,,,,,,
Feb-66,65.50,66.1,66.1,61.2,80.1,48.7,,80.9,,,,,,,,,,
Mar-66,65.70,64.3,63.8,61.5,86.4,52.3,,85.7,,,,,,,,,,
Apr-66,64.20,64.3,63.1,59.9,79.3,53,,83.9,,,,,,,,,,
May-66,57.70,52.7,55.5,57,74.6,53.8,,83.3,,,,,,,,,,
Jun-66,59.00,55.9,57.6,58.8,71.6,53.3,,81.5,,,,,,,,,,
Jul-66,60.30,56.3,59.3,58.9,73.1,57.9,,79.7,,,,,,,,,,
Aug-66,58.50,53.3,57.7,56.4,74.3,57,,79.5,,,,,,,,,,
Sep-66,58.70,55.2,57.9,56.5,72.4,54.8,,73.7,,,,,,,,,,
Oct-66,57.20,51.6,57,56.9,68.7,58.2,,70.3,,,,,,,,,,
Nov-66,53.70,46.8,54.2,55.6,62.6,55.6,,71.9,,,,,,,,,,
Dec-66,52.40,48.8,54.1,50.7,57.9,53.7,,67.6,,,,,,,,,,
Jan-67,49.10,46.2,54.1,48.3,48.2,48.2,,72.9,,,,,,,,,,
Feb-67,47.60,45.1,50.4,47.6,49.9,45.3,,61.8,,,,,,,,,,
Mar-67,45.30,45.3,48.7,46.3,38,45.6,,54,,,,,,,,,,
Apr-67,42.80,46.4,44.3,41.8,36.9,39.4,,56.3,,,,,,,,,,
May-67,44.50,47.6,48,45.5,34.4,39.7,,56.1,,,,,,,,,,
Jun-67,46.80,51.8,50.7,45.8,36.5,39.6,,58.4,,,,,,,,,,
Jul-67,49.50,53.7,53.4,50.2,40.9,38.1,,63.9,,,,,,,,,,
Aug-67,52.20,55.4,56.4,52.9,44.8,41.7,,67.5,,,,,,,,,,
Sep-67,54.90,62,57.4,51.6,46.5,46.8,,75.2,,,,,,,,,,
Oct-67,54.10,55.8,57.7,52.4,51.1,48,,78.7,,,,,,,,,,
Nov-67,54.20,57,58.6,51.5,51.4,44.4,,83.8,,,,,,,,,,
Dec-67,55.60,59.4,58.7,51.5,49.9,53.8,,79.6,,,,,,,,,,
Jan-68,56.60,60.1,59.3,53.2,50.6,54.8,,78,,,,,,,,,,
Feb-68,55.00,56.6,58.1,50.3,53.9,53.7,,76.3,,,,,,,,,,
Mar-68,53.80,55.7,55.8,50.1,54,50.7,,76.1,,,,,,,,,,
Apr-68,58.00,64.5,60.1,53.5,49,54.9,,71.5,,,,,,,,,,
May-68,55.30,56.2,60,53.1,49.4,54,,69.2,,,,,,,,,,
Jun-68,53.50,54.3,54.9,52.6,49.9,55,,70.4,,,,,,,,,,
Jul-68,54.10,54.5,56.5,48.2,55.9,55.8,,67.1,,,,,,,,,,
Aug-68,52.70,53.8,56.1,49.5,47.8,54.2,,74.3,,,,,,,,,,
Sep-68,51.80,55.4,57,47.1,48.4,42.4,,72.4,,,,,,,,,,
Oct-68,55.80,58.5,61.1,52.6,53.3,44.3,,70.8,,,,,,,,,,
Nov-68,58.10,61.3,59.8,56.4,61,43.5,,69.5,,,,,,,,,,
Dec-68,56.10,56.7,60.6,52.8,58.3,46.3,,76.8,,,,,,,,,,
Jan-69,54.90,54.4,57.1,51.9,63.6,44.2,,77.1,,,,,,,,,,
Feb-69,57.00,57.9,59.1,56.1,60.1,46.3,,79.6,,,,,,,,,,
Mar-69,57.10,59.3,58.8,53.8,60.5,47.6,,79.4,,,,,,,,,,
Apr-69,55.20,54.4,55.1,52.7,63.9,49.2,,78.8,,,,,,,,,,
May-69,56.70,57.6,56.3,52.8,64.9,50.7,,79.3,,,,,,,,,,
Jun-69,55.50,52.7,56.9,53.1,67,47.8,,80.9,,,,,,,,,,
Jul-69,53.10,49.8,51.2,53,65.7,49.3,,80.9,,,,,,,,,,
Aug-69,54.80,51.5,54.1,51.2,70.3,50.9,,84.4,,,,,,,,,,
Sep-69,54.10,50.4,54.8,50.3,68.9,49.4,,83.2,,,,,,,,,,
Oct-69,54.60,51.9,53.2,51.3,66.8,54.2,,85.3,,,,,,,,,,
Nov-69,53.20,50.6,51.2,50.4,64.1,55.6,,81.8,,,,,,,,,,
Dec-69,52.00,48,50.3,49.6,66.8,51.5,,82.2,,,,,,,,,,
Jan-70,48.70,45.8,48.1,46.3,57.9,50.2,,80.6,,,,,,,,,,
Feb-70,47.40,45.8,45.9,43.3,57.7,48.6,,74.5,,,,,,,,,,
Mar-70,46.90,45.2,47.3,44.8,49.3,51.4,,67.8,,,,,,,,,,
Apr-70,45.00,45.7,45.5,40.7,48.7,44.3,,75.1,,,,,,,,,,
May-70,47.20,45.3,45.2,40.8,67.2,40.4,,78.3,,,,,,,,,,
Jun-70,51.10,53.2,49.7,41.4,66.1,45.3,,73.8,,,,,,,,,,
Jul-70,49.50,52.5,54.5,40.6,49.8,45.4,,72.4,,,,,,,,,,
Aug-70,47.30,51.8,49.7,40.1,46.1,43.8,,68.6,,,,,,,,,,
Sep-70,44.10,44.2,45.1,39.5,46.5,47.2,,70.6,,,,,,,,,,
Oct-70,42.40,44.7,44.1,37.6,39,45.7,,67.8,,,,,,,,,,
Nov-70,39.70,43.3,38.5,33.8,37.8,46.3,,68.1,,,,,,,,,,
Dec-70,45.40,51.2,46.8,41.4,37.5,44.4,,64.5,,,,,,,,,,
Jan-71,47.90,55.4,50.5,40,39.8,47.4,,65.1,,,,,,,,,,
Feb-71,54.80,62.8,60,47.7,44.2,48,,64.6,,,,,,,,,,
Mar-71,51.20,56.2,54.4,44.3,45,51.2,,67,,,,,,,,,,
Apr-71,54.50,59.6,58.1,45.7,48.9,55.5,,70.8,,,,,,,,,,
May-71,54.20,57,58.9,47.4,49.4,55.1,,71.6,,,,,,,,,,
Jun-71,53.80,57.9,55.4,47.5,47.9,59,,78.1,,,,,,,,,,
Jul-71,54.40,57.8,56.8,49.5,47.4,58.9,,72.6,,,,,,,,,,
Aug-71,53.60,58.4,55.6,48.4,49.7,50.9,,72.4,,,,,,,,,,
Sep-71,55.10,61,59.3,53,48.9,40.2,,52.3,,,,,,,,,,
Oct-71,55.00,61.4,60.8,49.8,50.9,38.1,,51.7,,,,,,,,,,
Nov-71,52.30,55.4,56.1,49.3,50.9,41.6,,53.9,,,,,,,,,,
Dec-71,57.60,63.5,63.9,49,53.3,47.7,,65.1,,,,,,,,,,
Jan-72,59.60,64.8,65.6,53.3,55.2,48.4,,79.3,,,,,,,,,,
Feb-72,60.60,66,67.7,54.4,52.6,51.7,,74.1,,,,,,,,,,
Mar-72,59.80,64.6,63.5,53.9,57.1,51.5,,73.9,,,,,,,,,,
Apr-72,59.30,63,62.6,55.9,55,52.3,,73.4,,,,,,,,,,
May-72,61.40,66.9,65.7,56,56.1,53.1,,71.4,,,,,,,,,,
Jun-72,58.60,62.1,62.2,53.9,57.7,49.6,,70.2,,,,,,,,,,
Jul-72,60.10,64.7,65.3,52.1,61.7,46.7,,70.6,,,,,,,,,,
Aug-72,61.70,65.1,63.2,57.1,62.9,55.5,,70.1,,,,,,,,,,
Sep-72,65.10,69.3,68.3,58.6,65.5,56.8,,67.8,,,,,,,,,,
Oct-72,67.00,70.8,66.9,59,73,63,,72,,,,,,,,,,
Nov-72,69.90,73,72.7,61.7,74.5,63.4,,74.5,,,,,,,,,,
Dec-72,70.50,71.9,71.8,63.2,80.7,62.5,,78,,,,,,,,,,
Jan-73,72.10,73.8,71.1,67.8,83.7,61,,82.9,,,,,,,,,,
Feb-73,69.60,69,68.5,63.2,85.2,63.6,,87.8,,,,,,,,,,
Mar-73,69.60,68.8,67.7,63.6,87.5,61.9,,90,,,,,,,,,,
Apr-73,67.70,65.9,65.6,62.6,86.7,59.2,,88.3,,,,,,,,,,
May-73,64.80,63.5,59.2,60.2,86.6,59.2,,89.3,,,,,,,,,,
Jun-73,65.00,61,62.7,59.7,85.6,62.5,,87.6,,,,,,,,,,
Jul-73,57.80,49.2,50.4,56.4,85.2,64,,69.6,,,,,,,,,,
Aug-73,62.70,59.1,59,54.9,86.7,62.1,,86.1,,,,,,,,,,
Sep-73,63.50,60,58.2,56.1,90.1,62.3,,92.1,,,,,,,,,,
Oct-73,66.20,65.4,58.4,60.4,88.7,66.5,,92.9,,,,,,,,,,
Nov-73,68.10,65.2,62,60.8,96.8,63.8,,97.6,,,,,,,,,,
Dec-73,63.60,59,56,58,92.8,63.8,,94.2,,,,,,,,,,
Jan-74,62.10,55.7,55.9,57.3,91.8,62,,95.3,,,,,,,,,,
Feb-74,58.60,56,49.7,51,88.8,58.8,,93.6,,,,,,,,,,
Mar-74,61.80,58,55.8,56.3,88.9,59.1,,94,,,,,,,,,,
Apr-74,59.90,56.4,54.5,53.9,82.1,62.5,,93.5,,,,,,,,,,
May-74,55.70,51.6,51.6,51.1,74.5,59.3,,92.3,,,,,,,,,,
Jun-74,54.70,51.9,50.4,49.9,73.1,55.9,,88.6,,,,,,,,,,
Jul-74,54.80,52.6,52,50.3,69.2,54.8,,90.4,,,,,,,,,,
Aug-74,52.90,50.2,49.6,49.2,66.3,57,,86.1,,,,,,,,,,
Sep-74,46.20,41.2,46.3,44.9,51.8,54.8,,81,,,,,,,,,,
Oct-74,42.70,36.5,44.3,45.4,45.3,47.9,,75.7,,,,,,,,,,
Nov-74,37.90,33.1,40.9,39.6,34,47.2,,71,,,,,,,,,,
Dec-74,30.90,27.9,33.4,33.3,23.2,40.6,,64.7,,,,,,,,,,
Jan-75,30.70,32.8,33.4,29.7,19.5,36.6,,54.1,,,,,,,,,,
Feb-75,34.40,40,41.5,33.1,15.9,30.6,,48.8,,,,,,,,,,
Mar-75,31.60,37,33.1,32.8,17.3,30.9,,42.7,,,,,,,,,,
Apr-75,37.50,42.6,45.5,36.9,21.7,26.9,,42.6,,,,,,,,,,
May-75,41.20,47.2,50.5,39.6,22.7,31,,45.4,,,,,,,,,,
Jun-75,45.10,54.9,53.1,43.9,24.9,28.7,,44,,,,,,,,,,
Jul-75,47.20,58.4,55.8,44.3,28.7,24.6,,53,,,,,,,,,,
Aug-75,51.40,60.3,61.1,49.7,35.1,28.1,,68.8,,,,,,,,,,
Sep-75,54.40,60.4,62.3,53.5,43.8,34.2,,73.6,,,,,,,,,,
Oct-75,55.50,64.2,62.3,48.9,44.8,41.9,,75.3,,,,,,,,,,
Nov-75,54.50,62.2,60,49.8,46.8,38.8,,70.8,,,,,,,,,,
Dec-75,54.90,63.1,62.4,50.8,41.2,40.2,,64.4,,,,,,,,,,
Jan-76,58.80,63.8,65.6,53.1,54,45.3,,70.2,,,,,,,,,,
Feb-76,61.50,68.7,64.8,57.3,56.1,48.2,,73.2,,,,,,,,,,
Mar-76,58.40,61.6,63.3,54.9,56.7,46.7,,74.3,,,,,,,,,,
Apr-76,60.60,65.2,64.1,56.4,57.3,51.4,,75.9,,,,,,,,,,
May-76,58.80,62.3,60.5,55.4,58.3,51.6,,78,,,,,,,,,,
Jun-76,58.20,60.6,60.5,54.3,58.6,52.6,,80.1,,,,,,,,,,
Jul-76,55.90,58,56.7,55.1,54,50.5,,84.2,,,,,,,,,,
Aug-76,54.50,57.7,52.9,52.1,55.2,52.4,,73.3,,,,,,,,,,
Sep-76,53.60,55.3,53.2,54.2,52.6,49.5,,70.6,,,,,,,,,,
Oct-76,53.50,57,56.1,50.2,49,50,,67.1,,,,,,,,,,
Nov-76,51.70,55.7,54.4,50.5,47.2,42.4,,69.7,,,,,,,,,,
Dec-76,56.60,58.9,59.6,53.8,53.3,52.8,,75.8,,,,,,,,,,
Jan-77,54.80,57.2,56.9,49.9,55.3,51.4,,78.4,,,,,,,,,,
Feb-77,55.00,56.8,50.8,51.5,65.1,51.9,,76.8,,,,,,,,,,
Mar-77,58.40,63.5,62.5,54.3,49.6,54.7,,80.9,,,,,,,,,,
Apr-77,56.90,60.3,59.2,51.9,54.6,54.4,,78.8,,,,,,,,,,
May-77,59.70,64.5,63,54.8,55.4,53.2,,75.7,,,,,,,,,,
Jun-77,56.80,58.1,62.5,52.5,53.3,52.6,,71.9,,,,,,,,,,
Jul-77,57.70,58.9,60.6,54.5,58.3,52,,69,,,,,,,,,,
Aug-77,54.90,58.8,53.9,53.6,53.5,50,,70.4,,,,,,,,,,
Sep-77,53.90,57,54.9,50.4,56.7,44.8,,65.4,,,,,,,,,,
Oct-77,55.40,57.1,57,56,53.6,47.9,,64.5,,,,,,,,,,
Nov-77,56.10,59.2,58.7,51.8,56.3,48,,62,,,,,,,,,,
Dec-77,59.80,60.7,64.7,59.8,57.1,48.9,,67.2,,,,,,,,,,
Jan-78,57.40,60.6,57.7,55.1,55.6,54,,71.1,,,,,,,,,,
Feb-78,55.90,56.2,54.6,52.8,63.4,54,,74.4,,,,,,,,,,
Mar-78,55.00,56.6,57,52.9,58.9,44,,72.3,,,,,,,,,,
Apr-78,57.70,60.2,60.3,53.8,57.1,52.4,,78.7,,,,,,,,,,
May-78,60.20,63.9,62.3,57,57.4,54.5,,81.8,,,,,,,,,,
Jun-78,60.50,63.6,61.7,57.2,61.1,54.2,,82.3,,,,,,,,,,
Jul-78,62.20,64.7,65.1,58.8,59.4,57.7,,83,,,,,,,,,,
Aug-78,60.30,61.3,64.9,55.3,60.6,55.4,,85.4,,,,,,,,,,
Sep-78,60.50,61.3,65,57.2,60,54.5,,86.8,,,,,,,,,,
Oct-78,60.10,58.8,62,57.9,64.7,56.1,,86.8,,,,,,,,,,
Nov-78,61.30,61.9,61.3,60.4,64.5,56.7,,84.1,,,,,,,,,,
Dec-78,59.40,59.9,60.4,56.9,63.5,53.9,,84.5,,,,,,,,,,
Jan-79,58.50,57.3,58.8,57.3,66.4,52.3,,85.8,,,,,,,,,,
Feb-79,58.20,58.6,59,55.6,64,51.4,,86.5,,,,,,,,,,
Mar-79,57.70,56.7,57.4,54.8,66.7,54.1,,87.7,,,,,,,,,,
Apr-79,56.20,55.1,55.5,46.9,75.6,50.9,,86.3,,,,,,,,,,
May-79,54.40,52.1,52.1,54.5,63.7,53.3,,86.9,,,,,,,,,,
Jun-79,52.70,49.4,50.2,53.8,61.4,53.8,,88.7,,,,,,,,,,
Jul-79,51.30,49.8,49.4,50.2,57.4,53.6,,93.1,,,,,,,,,,
Aug-79,49.50,46.9,49,50.5,52.9,51.6,,85.6,,,,,,,,,,
Sep-79,49.60,48.7,48.3,50.3,50.7,52.3,,85,,,,,,,,,,
Oct-79,49.00,47.3,49,54.6,46.9,46,,85.6,,,,,,,,,,
Nov-79,48.00,46.5,52.6,47.3,46.8,44.3,,89.2,,,,,,,,,,
Dec-79,44.80,44.3,48.2,44.1,42.2,43.5,,84.4,,,,,,,,,,
Jan-80,46.20,47.1,48.4,46.2,42.1,44.5,,83,,,,,,,,,,
Feb-80,50.20,51.6,53.1,49.7,46,46.5,,84.5,,,,,,,,,,
Mar-80,43.60,43.8,46.7,43.2,39.1,43,,84,,,,,,,,,,
Apr-80,37.40,32,37.9,41.2,36.9,45.3,,77.5,,,,,,,,,,
May-80,29.40,25.6,28.1,34.3,29.8,33.3,,70.8,,,,,,,,,,
Jun-80,30.30,24.2,31.5,32.8,32.4,37.3,,63.4,,,,,,,,,,
Jul-80,35.00,36.1,35.1,35,36.3,29.5,,59.3,,,,,,,,,,
Aug-80,45.50,54.1,46.9,38.7,40.1,37.6,,67,,,,,,,,,,
Sep-80,50.10,53.9,55.1,47,41.2,45.3,,68,,,,,,,,,,
Oct-80,55.50,63.7,60.7,49.4,46.5,43.9,,75.2,,,,,,,,,,
Nov-80,58.20,65.3,66.8,53.3,46.8,42.2,,76.7,,,,,,,,,,
Dec-80,53.00,51.2,57.2,53.2,50.1,51.4,,74.6,,,,,,,,,,
Jan-81,49.20,48.7,51.8,48.7,49.7,44.6,,76.3,,,,,,,,,,
Feb-81,48.80,51.1,50.9,46.3,48.5,42.1,,70.9,,,,,,,,,,
Mar-81,49.60,50.2,52.8,48.1,48.7,44.7,,72.6,,,,,,,,,,
Apr-81,51.60,53.1,55,49.2,51.2,44.4,,70.2,,,,,,,,,,
May-81,53.50,55.7,59,48.3,50.2,48.7,,66.2,,,,,,,,,,
Jun-81,50.70,51,53.9,48.8,47.9,49.4,,70.8,,,,,,,,,,
Jul-81,46.70,47.6,47.6,46.6,44.9,44.4,,66.9,,,,,,,,,,
Aug-81,48.30,47.2,49.5,47.8,49.6,47.3,,65.6,,,,,,,,,,
Sep-81,42.50,42.2,43.8,39.2,45.9,41.9,,65.8,,,,,,,,,,
Oct-81,40.00,40.2,39.4,37.9,37.7,48.9,,57.5,,,,,,,,,,
Nov-81,36.10,32.8,36.1,34.8,40.5,42.3,,58.4,,,,,,,,,,
Dec-81,37.80,39.1,37.3,34,41.2,37.2,,54.7,,,,,,,,,,
Jan-82,38.20,39.9,39,34.5,40.1,35.8,,48.8,,,,,,,,,,
Feb-82,38.30,38.6,40.1,35.5,40.8,34.7,,45.3,,,,,,,,,,
Mar-82,36.80,40.4,38,33.1,36.4,31.2,,35.4,,,,,,,,,,
Apr-82,37.80,40.9,41.3,31.7,38.2,31.5,,35.7,,,,,,,,,,
May-82,35.50,38.1,37.2,27.8,42.1,28.8,,41.4,,,,,,,,,,
Jun-82,38.30,42,39.4,30.8,45.2,29.4,,39.6,,,,,,,,,,
Jul-82,38.40,40.7,41.1,30.5,45.8,29.5,,40.8,,,,,,,,,,
Aug-82,38.30,40.1,39.9,31.8,45.3,31.6,,39.2,,,,,,,,,,
Sep-82,38.80,40.4,41.3,30.6,45.9,33.6,,41.2,,,,,,,,,,
Oct-82,39.40,41.9,42,30.6,46.5,32.5,,41,,,,,,,,,,
Nov-82,39.20,41.5,42.6,28.2,46.9,33.6,,37.3,,,,,,,,,,
Dec-82,42.80,46,44,36.3,48.6,34.7,,39.1,,,,,,,,,,
Jan-83,46.00,50.3,50.8,37.7,46.7,36.3,,43.7,,,,,,,,,,
Feb-83,54.40,60.6,61.1,47.4,49.9,40.1,,48.7,,,,,,,,,,
Mar-83,53.90,60.8,58.4,45.1,50.8,44.2,,47.9,,,,,,,,,,
Apr-83,54.20,59.4,58.2,46.4,52.7,46,,55.6,,,,,,,,,,
May-83,56.10,61.8,61.5,49.2,51.9,45.7,,60.3,,,,,,,,,,
Jun-83,57.50,62.3,63.2,49.7,56.8,45.7,,61.5,,,,,,,,,,
Jul-83,63.60,70.3,71.5,53.7,58.9,50.8,,63.2,,,,,,,,,,
Aug-83,63.10,68.1,69.9,56,60.2,49.3,,69.4,,,,,,,,,,
Sep-83,62.50,66.9,67.8,57.8,60.7,48.6,,68,,,,,,,,,,
Oct-83,64.40,69.5,69.6,57.6,62.8,52.1,,69.3,,,,,,,,,,
Nov-83,66.00,69.2,70.7,59.7,67.5,55,,68.1,,,,,,,,,,
Dec-83,69.90,74.8,80.6,60.4,62.1,59.6,,71.4,,,,,,,,,,
Jan-84,60.50,63.7,59.9,57.6,64.4,52.7,,64.4,,,,,,,,,,
Feb-84,61.30,64.9,64,56.4,61.5,52.7,,71.1,,,,,,,,,,
Mar-84,58.90,60.9,61.5,51.1,65.5,52.7,,73.6,,,,,,,,,,
Apr-84,61.00,63.2,62.3,56.8,64.6,54,,71.9,,,,,,,,,,
May-84,58.60,59.2,59.3,56.2,62.5,54.1,,62.5,,,,,,,,,,
Jun-84,58.10,60.5,62.3,51.7,56.2,56.3,,64,,,,,,,,,,
Jul-84,56.10,54.1,58.2,53.5,59.1,57.8,,61.3,,,,,,,,,,
Aug-84,53.00,54,54.3,50.4,55.2,49.1,,58.7,,,,,,,,,,
Sep-84,50.00,47.2,52.2,51.1,52.8,46.8,,53.4,,,,,,,,,,
Oct-84,50.80,52.9,53.4,48.1,49.3,45.6,,51.7,,,,,,,,,,
Nov-84,50.30,52,53.8,47.4,48.1,45.7,,55,,,,,,,,,,
Dec-84,50.60,52.8,54.9,45.2,48.8,47.3,,50.7,,,,,,,,,,
Jan-85,50.30,51.8,54.9,44.4,50.4,45.9,,47.6,,,,,,,,,,
Feb-85,49.90,51.8,54.2,45.2,48.6,44.8,,44.8,,,,,,,,,,
Mar-85,47.80,49.1,51.2,44.2,46.7,44,,46.2,,,,,,,,,,
Apr-85,48.20,51.3,51.6,43.2,46.1,43.8,,44.1,,,,,,,,,,
May-85,47.10,49.5,51.9,40.4,48,40.4,,48.7,,,,,,,,,,
Jun-85,47.80,50.7,50.5,44.5,47.1,40.2,,42.4,,,,,,,,,,
Jul-85,47.90,52.5,48.2,45.2,45.7,41.8,,45.6,,,,,,,,,,
Aug-85,47.70,51.8,50.6,41.1,46.6,43,,44,,,,,,,,,,
Sep-85,49.90,54.6,52.8,41.8,49.5,45.5,,44.3,,,,,,,,,,
Oct-85,50.90,53.4,54.9,45.2,50,45.9,,46.4,,,,,,,,,,
Nov-85,52.00,57.2,56.5,44.5,48.5,45.2,,45.7,,,,,,,,,,
Dec-85,50.70,54.8,55.3,42.6,49.3,45.2,,48.7,,,,,,,,,,
Jan-86,51.20,56.7,52.9,45.1,50.1,44.9,,48.4,,,,,,,,,,
Feb-86,51.00,57.1,53.6,43,49.8,44.7,,49.7,,,,,,,,,,
Mar-86,51.00,54.5,56,43.4,50.5,43.7,,49,,,,,,,,,,
Apr-86,49.70,54.4,52.5,42.2,50.7,42.5,,42.8,,,,,,,,,,
May-86,53.40,61.1,55.1,45.4,50.2,46.9,,49.5,,,,,,,,,,
Jun-86,50.50,55.3,53.5,43.3,49.9,44.4,,51.3,,,,,,,,,,
Jul-86,48.00,51.2,49.3,41.9,49.9,43.9,,49.3,,,,,,,,,,
Aug-86,52.60,58.4,56,44.5,50.8,45.9,,51.5,,,,,,,,,,
Sep-86,52.40,57.3,56.5,43.9,49.6,48.2,,57.1,,,,,,,,,,
Oct-86,51.20,54.5,54.2,43.7,51.3,48.2,,56.9,,,,,,,,,,
Nov-86,51.20,57,54.7,42.2,52,42.2,,57.1,,,,,,,,,,
Dec-86,50.50,55.4,53,44.5,52.8,38.4,,57,,,,,,,,,,
Jan-87,54.90,59.8,60.7,47.3,51.5,46.3,,61.1,,,,,,,,,,
Feb-87,52.60,55.4,57.3,46.6,51.2,46.7,,62.5,,,,,,,,,,
Mar-87,55.00,61.6,57.6,48.3,51.9,46.5,,62.7,,,,,,,,,,
Apr-87,55.50,59.8,59.3,51.3,52.8,45.9,,65.6,,,,,,,,,,
May-87,57.20,63.4,60.6,50.9,54,47.5,,67.6,,,,,,,,,,
Jun-87,57.40,61.2,60.1,51.4,56.8,52.4,,72.6,,,,,,,,,,
Jul-87,57.50,64,62.5,46.6,58.9,44.7,,74.3,,,,,,,,,,
Aug-87,59.30,62.7,64.2,52.4,60.3,49.3,,77.4,,,,,,,,,,
Sep-87,60.00,62.1,65.5,54.5,61.5,49.2,,77.3,,,,,,,,,,
Oct-87,60.70,65.3,63.2,54.6,62.2,50.7,,78.1,,,,,,,,,,
Nov-87,58.80,59.3,61.9,53.7,64.9,51.2,,79.2,,,,,,,,,,
Dec-87,61.00,61.5,65.1,59.1,62.7,50.8,,80.2,,,,,,,,,,
Jan-88,57.50,60.3,59.3,51.2,62,50.7,,78.7,,,,,,,,,,
Feb-88,56.20,57,58.6,52.5,61.2,48.1,,81.2,,,,,,,,,,
Mar-88,54.60,57.9,57.7,50.2,57.3,41.9,,74.5,,,,,,,,,,
Apr-88,55.80,57.6,59.1,49.2,58.6,51,,81,,,,,,,,,,
May-88,55.50,57.7,58,50.4,56.9,51.2,,81.5,,,,,,,,,,
Jun-88,59.30,63.6,61.7,50.5,65.6,48.2,,80.7,,,,,,,,,,
Jul-88,58.20,60.6,61.2,52.5,58.4,54.5,,81,,,,,,,,,,
Aug-88,56.00,59.2,57.8,51.2,57.4,49.4,,78.2,,,,,,,,,,
Sep-88,54.50,58.6,54.8,50.2,55.2,49.5,,72.8,,,,,,,,,,
Oct-88,55.40,57.2,58.7,52.4,54.8,49.2,,71.5,,,,,,,,,,
Nov-88,55.60,58.4,57.5,53.8,52.1,51.6,,70.9,,,,,,,,,,
Dec-88,56.00,59,57.6,54.8,53,49.9,,69.8,,,,,,,,,,
Jan-89,54.70,57.3,57.9,51.4,53.9,46.7,,70.5,,,,,,,,,,
Feb-89,54.10,57.3,55.6,50,54,49,,67.9,,,,,,,,,,
Mar-89,51.50,52,52.7,50.2,52.5,48.3,,67.9,,,,,,,,,,
Apr-89,52.20,53.1,54.9,50,52.2,47.4,,65.4,,,,,,,,,,
May-89,49.30,50.7,50.7,47.6,49.1,44.9,,59.3,,,,,,,,,,
Jun-89,47.30,45.6,49.5,47.4,46.5,47.5,,50,,,,,,,,,,
Jul-89,45.90,45.8,46.9,44.5,46.1,46.2,,48.1,,,,,,,,,,
Aug-89,45.10,45.2,46.7,44.6,44,43.5,,43.3,,,,,,,,,,
Sep-89,46.00,46,48,45.4,43.9,44.8,,42.4,,,,,,,,,,
Oct-89,46.80,49.3,48.5,45,43.3,43.8,,41,,,,,,,,,,
Nov-89,46.80,49.3,49.2,45.9,42.5,41.4,,40.9,,,,,,,,,,
Dec-89,47.40,50.4,49.7,44.6,43.5,43.9,,41,,,,,,,,,,
Jan-90,47.20,49.1,47.4,45.4,48.2,42.7,,50.8,,,,,,,,,,
Feb-90,49.10,52.5,52.8,46.5,44.4,41.4,,44.6,,,,,,,,,,
Mar-90,49.90,52.3,54.7,46.5,47.2,41.2,,50.1,,,,,,,,,,
Apr-90,50.00,53.7,53.5,46.6,47.2,41.3,,50.9,,,,,,,,,,
May-90,49.50,51.7,53.9,46.2,48.2,40,,50.1,,,,,,,,,,
Jun-90,49.20,52,51.3,45.4,49.8,42.6,,53.2,,,,,,,,,,
Jul-90,46.60,46.7,49.8,46.3,46.4,39.6,,51.4,,,,,,,,,,
Aug-90,46.10,45.5,47.9,43.1,50.1,43,,53.1,,,,,,,,,,
Sep-90,44.50,44.9,45.5,41.3,48.9,40.8,,70.2,,,,,,,,,,
Oct-90,43.20,43.1,43.6,40.2,48.1,41.2,,73.4,,,,,,,,,,
Nov-90,41.30,40.4,42.1,36.2,48.6,40.9,,64.2,,,,,,,,,,
Dec-90,40.80,38.5,41.8,38.8,47.2,39.6,,58.9,,,,,,,,,,
Jan-91,39.20,38.1,38.9,37.3,44.4,39.6,,51.6,,,,,,,,,,
Feb-91,39.40,39.2,39.1,35.6,44.7,39.9,,44.5,,,,,,,,,,
Mar-91,40.70,42.4,41.2,33.6,43.9,43.6,,41.2,,,,,,,,,,
Apr-91,42.80,46.1,44.5,35.8,45,39.6,,38.8,,,,,,,,,,
May-91,44.50,48.9,46.9,37.4,46,37.3,,38.2,,,,,,,,,,
Jun-91,50.30,58.4,53.7,43,47.1,37.1,,39.6,,,,,,,,,,
Jul-91,50.60,55.6,57.2,41.3,49.6,39.1,,38.4,,,,,,,,,,
Aug-91,52.90,60.1,59.8,44,48.3,39,,41.8,,,,,,,,,,
Sep-91,54.90,60.7,61.2,47.3,48.8,45.9,,45.5,,,,,,,,,,
Oct-91,53.10,58,60.7,44.7,50.2,40.5,,50,,,,,,,,,,
Nov-91,49.50,53.5,52.1,43,50.1,42.8,,47.6,,,,,,,,,,
Dec-91,46.80,49.5,50.6,39.8,49.4,38.8,,48.9,,,,,,,,,,
Jan-92,47.30,49.6,50.4,40.6,48.7,44.1,,45.4,,,,,,,,,,
Feb-92,52.70,58.3,58.7,43.9,49.3,44,,45.9,,,,,,,,,,
Mar-92,54.60,63.3,59.7,43.7,50.3,44.3,,48.1,,,,,,,,,,
Apr-92,52.60,59.1,57.8,45,47.4,43.2,,51.1,,,,,,,,,,
May-92,55.70,60.9,61.2,49.5,50,47,,55,,,,,,,,,,
Jun-92,53.60,59.8,57.6,46.6,50.8,43.1,,53.9,,,,,,,,,,
Jul-92,53.90,59.5,57.4,45.5,52.5,46.9,,56.2,,,,,,,,,,
Aug-92,53.40,58.8,56.8,47.3,50.3,45.8,,53.7,,,,,,,,,,
Sep-92,49.70,51.1,53.9,45.1,51.2,42.3,,51.6,,,,,,,,,,
Oct-92,50.30,53.8,54.7,44.7,48.6,42.4,,46.4,,,,,,,,,,
Nov-92,53.60,58.8,58.6,47.1,51.3,42.1,,42.1,,,,,,,,,,
Dec-92,54.20,61,57.9,45.9,51.5,45,,48,,,,,,,,,,
Jan-93,55.80,63,61.5,46.9,52.3,43.3,,49.8,56.5,,,,,,,,,
Feb-93,55.20,59.7,63.5,47,51.7,42.6,,53.9,56,,,,,,,,,
Mar-93,53.50,58.1,56.7,47.1,52.7,45.6,,53.6,54.5,,,,,,,,,
Apr-93,50.20,53,51.6,44.8,52.8,44.7,,54.6,51,,,,,,,,,
May-93,51.20,55.2,55,43.6,51.5,44.8,,50.4,51.5,,,,,,,,,
Jun-93,49.60,51.6,53.1,43.2,50.4,46.5,,50.6,52,,,,,,,,,
Jul-93,50.20,53.8,52.7,43.6,51,45.5,,51.4,45,,,,,,,,,
Aug-93,50.70,55.3,53.9,41.9,51.8,44.4,,52.3,51,,,,,,,,,
Sep-93,50.80,52.6,55.2,44.5,51.3,46.2,,49,49,,,,,,,,,
Oct-93,53.40,58.9,56.1,46,50.7,48.6,,50.9,55.5,,,,,,,,,
Nov-93,53.80,60.4,57.5,45.5,50.9,45.5,,52.7,56.5,,,,,,,,,
Dec-93,55.60,62.4,61.7,47.1,51.5,43.2,,53.1,54.5,,,,,,,,,
Jan-94,56.00,63.5,59.7,47.5,54.4,43.9,,58.9,58,,,,,,,,,
Feb-94,56.50,62.2,60.2,48.7,57,44.6,,63,56.5,,,,,,,,,
Mar-94,56.90,62.8,63.4,48.2,55.4,43,,62.9,56.5,,,,,,,,,
Apr-94,57.40,62.7,61.4,50.1,57.2,45.9,,63.5,61.5,,,,,,,,,
May-94,58.20,61.6,62.7,51.4,60.2,47.6,,67.8,61.5,,,,,,,,,
Jun-94,58.80,65,62,49.5,60.3,48.3,,69.7,60,,,,,,,,,
Jul-94,58.50,64.2,62.3,52.3,58.1,45.1,,71.6,59.5,,,,,,,,,
Aug-94,58.00,63,60.2,51.4,61.6,44.9,,75.2,60.5,,,,,,,,,
Sep-94,59.00,62.7,62.8,52.5,62.5,46.1,,80.3,60.5,,,,,,,,,
Oct-94,59.40,63,63.3,51.1,64.9,47.6,,84.1,60.5,,,,,,,,,
Nov-94,59.20,61.5,63.9,51.6,64.7,47.3,,84.5,58,,,,,,,,,
Dec-94,56.10,58.9,59.5,46.7,64.8,45,,87.1,53.5,,,,,,,,,
Jan-95,57.40,59.7,60.9,51.9,62.7,45.2,,86,54,,,,,,,,,
Feb-95,55.10,56.6,57.4,50,60.7,47,,81.7,55,,,,,,,,,
Mar-95,52.10,51.9,54.8,48.1,56.9,47,,78.9,51,,,,,,,,,
Apr-95,51.50,52.2,54.1,47.4,56.3,44.2,,74.5,47.5,,,,,,,,,
May-95,46.70,44,49.9,43.7,53.3,43.3,,70.5,42,,,,,,,,,
Jun-95,45.90,43.5,46.1,46.5,51.8,43,,64.7,36,,,,,,,,,
Jul-95,50.70,52.7,51.6,48.1,51.3,46.5,,58.6,41.5,,,,,,,,,
Aug-95,47.10,46.5,49.1,45,49.1,45.5,,48.5,40.5,,,,,,,,,
Sep-95,48.10,49.4,50.5,45.5,50,40.3,,48.8,43.5,,,,,,,,,
Oct-95,46.70,47.5,47,45.9,48.4,42.2,,46.5,40.5,,,,,,,,,
Nov-95,45.90,48.6,45,44.5,45.3,43.3,,44.5,41.5,,,,,,,,,
Dec-95,46.20,45.9,46.9,46.2,47.5,43.1,,40.3,42,,,,,,,,,
Jan-96,45.50,44.1,45.6,45.3,47.8,46.6,,40.3,41.5,,,,,,,,,
Feb-96,45.90,46.1,45.7,44.6,49.5,43.3,,38.8,43.5,,,,,,,,,
Mar-96,46.90,49.1,47.3,44.4,49.6,40,,39.9,40,,,,,,,,,
Apr-96,49.30,52.3,51.6,44.7,49.4,43.9,,41.5,44,,,,,,,,,
May-96,49.10,51.7,53,44.7,49.9,39.2,,50.2,48.5,,,,,,,,,
Jun-96,53.60,59.4,55.5,48.2,52.8,43.1,,47.9,51,,,,,,,,,
Jul-96,49.70,51.9,52.4,46.7,50.8,40.8,,44.1,47.5,,,,,,,,,
Aug-96,51.60,54.6,55.1,47.4,51.9,42.2,,46.6,47,,,,,,,,,
Sep-96,51.10,54.6,53.5,47.2,50,43.7,,50.1,49.5,,,,,,,,,
Oct-96,50.50,52.9,55.4,46,50.9,39.6,,45.7,44.5,,,,,,,,,
Nov-96,53.00,56.9,58.1,47.6,51.2,42.3,,46.3,49,,,,,,,,,
Dec-96,55.20,61.7,58.9,48.6,52,44.4,,52,51,,,,,,,,,
Jan-97,53.80,57,59.8,49.8,49.7,43.2,46.5,53.3,45.5,,,,,,,,,
Feb-97,53.10,57.6,58.9,45.9,52.1,41.3,44.5,56.4,48.5,,,,,,,,,
Mar-97,53.80,58.6,55,50.8,53.1,43.5,46.5,51.1,51.5,,,,,,,,,
Apr-97,53.70,56.6,56.8,51.8,53.4,41.4,47,50.3,54,,,,,,,,,
May-97,56.10,62.3,56.7,50.7,55,48.1,44.5,48.5,58,,,,,,,,,
Jun-97,54.90,59.4,56.5,51.3,54.6,45.2,50.5,48.9,53.5,,,,,,,,,
Jul-97,57.70,61.3,64.5,51.7,54.7,45.9,47.5,52,56.5,,58.6,58.8,53.8,55.5,51.0,56.5,49.0,50.9
Aug-97,56.30,60.3,61.5,51.3,55.2,43,47,52.1,60,,62.6,60.2,53.8,71.5,48.5,62,56.5,53.3
Sep-97,53.90,55.4,56.6,51.2,54.8,47.2,49.5,53,50,,59.1,59.3,53.2,53.0,54.0,63,49.5,53.1
Oct-97,56.40,60.9,59.4,52.8,54.9,45,47,53.6,56.5,,62.6,60.8,51.0,52.0,46.5,66,52.0,53.1
Nov-97,55.70,57.4,60.1,53.7,55.2,43.8,48,52.1,50,,61.9,59.9,56.7,55.5,51.0,64.5,56.0,54.3
Dec-97,54.50,57.2,56.7,52.1,53.9,46.2,46.5,52.2,52,,56.5,58.8,55.0,51.5,49.0,67,49.0,54.9
Jan-98,53.80,57.1,55.6,51.1,53,46.2,47.5,47,47,,61.4,57.4,55.0,54.0,48.5,61.5,49.0,52.7
Feb-98,52.90,54.6,54.6,51.7,52.8,46.2,46.5,45.5,48,,58.9,59.1,54.8,52.0,50.5,59.5,51.5,51.6
Mar-98,52.90,54.9,54.5,51.4,53,46,47,44.2,51.5,,57.0,55.1,54.1,52.5,52.5,64,51.5,47.9
Apr-98,52.20,55.3,53.3,49,52.4,46.1,49,40.5,52.5,,58.6,57.5,51.6,52.0,52.5,66.5,51.0,46.8
May-98,50.90,51.5,53.2,49.3,51.5,46,47.5,41.1,48.5,,61.2,60.2,52.8,50.5,50.0,63.5,53.0,47.2
Jun-98,48.90,50.2,50.6,47,50.9,42,44.5,39.3,48.5,,58.7,55.8,52.5,53.5,49.5,69,50.0,45.5
Jul-98,49.20,51.8,50.8,45.1,50.2,44.1,47,38.4,44.5,,58.6,58.2,51.9,54.5,48.0,60.5,52.0,47.0
Aug-98,49.30,50.9,50.7,46.7,50.3,44.8,50.5,37.8,48.5,,52.2,55.3,52.3,54.0,48.0,62.5,56.5,47.9
Sep-98,48.70,49.4,51.2,45.7,50.8,43.2,49,34,46,,57.4,55.9,53.7,53.0,50.5,65,54.0,46.2
Oct-98,48.70,48,52.4,45.2,49.8,47.1,50.5,34.7,45.5,,54.0,54.7,53.1,53.5,48.5,65.5,49.0,49.3
Nov-98,48.20,48.3,50.4,45.3,50.4,44.5,47.5,34.5,40.5,,54.9,52.7,52.6,50.0,50.0,63,46.5,47.3
Dec-98,46.80,49.7,47.7,41.9,48.5,42.7,47,31.9,37,,54.2,53.5,50.9,53.0,50.5,64.5,47.0,48.5
Jan-99,50.60,52.4,55.6,45.5,51,42.7,44,33.7,38,,58.8,57.5,51.4,54.5,47.0,61,49.0,47.0
Feb-99,51.70,55,56,45.8,50.8,43.5,43,35.2,48.5,,57.3,56.6,52.2,51.5,49.5,60.5,51.5,45.5
Mar-99,52.40,55.9,55.7,47.6,52.3,43.7,43.5,42.5,52,,59.5,58.1,51.1,52.5,47.5,61.5,55.5,48.9
Apr-99,52.30,54,57.2,48.8,49.5,46.8,45,47.4,53,,59.8,58.6,52.0,51.5,48.5,63,51.0,51.4
May-99,54.30,57.8,58.5,51.1,52.1,43.6,45.5,51.2,55.5,,57.7,56.4,52.9,54.0,51.5,61,50.5,52.9
Jun-99,55.80,59.4,61.6,51.3,52.6,44.7,43.5,54.2,54.5,,57.9,59.7,55.3,54.0,49.5,61,52.0,53.2
Jul-99,53.60,54.6,58.1,50.4,54,44.9,45,55.5,50.5,,60.7,58.1,53.4,52.5,49.5,61,50.0,57.7
Aug-99,54.80,57.5,58.3,53.1,51.4,46.2,45.5,60.6,52.5,,60.3,59.6,52.3,53.5,52.0,63,51.5,58.9
Sep-99,57.00,63.5,59.9,51.3,55.8,43.8,43.5,65.8,54.5,,59.1,60.1,51.4,54.0,52.0,61.5,52.5,64.2
Oct-99,57.20,61.3,59.7,53,56.2,48,44.5,68.8,54,,60.7,62.0,51.7,56.0,47.5,58,52.0,58.9
Nov-99,58.10,63.1,60.2,53.1,56.8,49.7,48.5,68.1,58.5,,57.0,55.5,50.6,56.5,52.5,62.5,49.0,61.0
Dec-99,57.80,60.3,60.6,55.7,56.7,49,48.5,67.4,50,,60.4,61.1,53.0,53.0,50.0,61.5,49.0,60.5
Jan-00,56.70,60.4,57.8,52.8,55,52.8,46.5,72.4,52,,57.7,60.8,52.3,55.5,49.5,67,48.5,61.4
Feb-00,55.80,58.7,59.1,53.6,54.4,44.9,48,71.6,54,,58.2,58.9,52.8,55.0,49.5,66.5,52.0,66.5
Mar-00,54.90,56.2,59.5,51.2,54.3,47.5,48,78.7,51,,60.5,61.7,55.0,52.5,51.5,60.5,53.0,68.6
Apr-00,54.70,55.4,58.1,53.2,55.4,46.1,47,71.2,51,,61.1,61.5,54.4,55.0,53.5,64,55.5,65.0
May-00,53.20,51.5,56.4,53,55.4,46.9,50.5,65.7,49,,59.8,60.5,53.5,57.0,49.5,63,53.5,64.2
Jun-00,51.40,50,53.4,50.7,54.5,47,47,62.9,48.5,,60.3,59.4,54.4,53.5,54.0,66.5,56.5,65.0
Jul-00,52.50,52,53.7,52.5,53.9,48.5,49.5,63.4,45,,56.5,59.7,50.5,54.5,51.0,68,50.5,62.1
Aug-00,49.90,50,49.7,48.8,53.5,47.1,50.5,58.1,49,,61.3,59.8,54.2,55.0,51.0,61.5,52.0,59.2
Sep-00,49.70,48.9,51.5,50.6,49.6,45.9,48.5,58.4,47,,59.8,60.4,53.5,53.0,53.5,65,56.5,62.1
Oct-00,48.70,48.4,49.3,48.2,51.1,45.9,50.5,57.7,41,,58.6,59.2,54.5,54.5,55.0,67.5,53.5,63.7
Nov-00,48.50,49.1,50.1,47.1,50.3,42.8,51.5,58.1,42,,59.7,56.4,54.6,54.0,49.5,66,49.5,60.9
Dec-00,43.90,42.1,42.9,42.7,52.8,40.4,51,59.8,36,,57.5,54.9,52.4,51.0,48.5,65,50.5,63.5
Jan-01,42.30,38.4,39.2,42.3,49.8,41.8,56,64.6,32.5,,52.5,50.8,51.7,51.5,45.5,67.5,42.5,61.8
Feb-01,42.10,39.9,38.6,37.8,50.2,44.2,52.5,55.6,37,,51.5,51.4,50.7,51.5,47.0,65,45.5,58.1
Mar-01,43.10,41.5,42.6,39.9,47.7,43.7,52,49.9,43.5,,50.0,52.6,49.6,50.5,49.0,69,47.5,55.8
Apr-01,42.70,45.5,43.1,38.2,47.2,39.7,50,48,43.5,,48.3,47.2,46.5,51.0,45.5,64,44.0,53.8
May-01,41.30,44.9,43.1,35.1,45.4,38.2,51,45.1,40,,47.9,49.3,46.7,52.0,47.5,63.5,46.5,58.5
Jun-01,43.20,47.8,45.3,35.7,47.1,39.9,48,42.8,42,,51.6,52.2,45.6,51.0,48.5,65,49.0,54.5
Jul-01,43.50,49.2,47,37.2,46.8,37.1,45,39.9,42.5,,48.1,47.5,46.4,50.5,46.0,61.5,42.5,49.9
Aug-01,46.30,54.3,51.8,41.3,46.7,37.6,48.5,35,44.5,,47.4,46.5,45.7,48.0,43.5,65.5,41.5,48.9
Sep-01,46.20,51.3,51.8,41.5,47.5,38.9,48.5,36.6,43,,49.7,50.8,46.4,51.0,44.5,64,48.5,50.2
Oct-01,40.80,38.9,41.8,35.6,49.5,38.3,44.5,33.3,36,,40.5,41.3,43.9,53.5,48.0,68.5,40.5,43.4
Nov-01,44.10,49.1,46.9,36.4,49.1,38.9,44.5,32,38.5,,49.4,46.4,44.5,52.5,49.5,67,42.0,41.3
Dec-01,45.30,51.4,49.2,39.1,49.3,37.6,44,33.2,39.5,,50.7,49.9,44.6,53.5,48.5,66.5,46.5,42.3
Jan-02,47.50,55.2,51.1,41,51.2,39.2,43.5,43.9,44.5,,49.8,48.3,44.3,53.0,47.5,64.5,45.5,48.8
Feb-02,50.70,60.7,58.1,43.8,51.4,39.7,41.5,41.5,53,,57.5,56.3,43.9,53.0,51.5,66.5,47.5,47.6
Mar-02,52.40,63.8,58.3,46.6,51.9,41.4,40,51.9,62.5,,57.1,56.4,45.8,52.0,50.0,65.5,49.5,49.2
Apr-02,52.40,59.9,59.1,46.6,53.5,43,40.5,60.3,56,,56.3,58.4,47.8,51.5,52.5,63,48.5,53.7
May-02,53.10,61.8,59.4,47.3,53.4,43.8,39,63,56.5,,60.5,57.3,49.2,52.0,48.5,65,53.5,55.2
Jun-02,53.60,61.2,61.1,48.3,54.4,43.2,44.5,65.5,53.5,,56.1,56.4,44.0,53.5,47.5,66,49.0,53.1
Jul-02,50.20,51.9,56.6,45,54.8,42.7,42.5,68.3,45.5,,52.1,50.7,46.1,52.5,52.0,66,43.5,60.5
Aug-02,50.30,50.6,54.9,46.8,53.6,45.4,42.5,61.5,45,,51.9,51.6,47.2,53.0,46.0,62,48.0,55.1
Sep-02,50.50,52.9,53.5,45.8,56.7,43.8,40.5,62.5,44.5,,54.9,54.8,47.1,52.5,44.5,66,51.0,53.4
Oct-02,49.00,52.1,51.3,46.4,53.4,42,42.5,58.3,43.5,,53.1,52.3,46.6,53.5,44.0,64.5,52.0,56.1
Nov-02,48.50,49.9,52.7,44.8,52.1,43.1,46.5,55.7,42.5,,56.8,56.4,46.0,52.5,44.0,61,50.5,57.6
Dec-02,51.60,58.7,53.9,47.5,52.9,45.2,43,56.9,46.5,,55.5,54.2,47.0,52.5,45.5,63,51.5,56.5
Jan-03,51.30,58.2,54.1,47.4,52.8,44.2,42.5,57.5,45,,56.2,54.4,50.5,52.0,46.5,64.5,48.0,58.0
Feb-03,48.80,51.9,53.6,42.6,52.8,43,46,65.5,49,,55.6,53.9,48.5,52.5,48.5,66.5,50.0,60.5
Mar-03,46.30,47.2,47,42.2,52.6,42.3,42,70,41.5,,46.3,49.9,48.1,52.0,49.5,66,47.5,59.4
Apr-03,46.10,47.2,48.5,41.8,49.9,43.1,44.5,63.5,47.5,,50.7,50.4,48.7,50.5,51.0,62.5,46.0,55.7
May-03,49.00,53.4,52.9,42.4,50.6,45.7,45,51.5,51,,54.6,55.9,48.5,52.0,52.5,63,51.0,50.0
Jun-03,49.00,53.6,54.1,45.6,49.8,42,45.5,56.5,50,,59.2,57.1,49.3,51.5,47.0,62,51.5,52.3
Jul-03,51.00,56.8,53.9,46.3,51.5,46.3,42.5,53,51,,62.7,62.3,50.5,53.5,49.5,60,54.5,51.4
Aug-03,53.20,61.1,61.8,47.1,53,43.1,43,53,51.5,,65.1,66.9,51.7,52.5,49.0,62,51.5,56.1
Sep-03,52.40,60.8,57.8,46.5,53.4,43.4,44.5,56,52.5,,63.8,61.4,50.1,55.0,47.5,60.5,57.0,59.5
Oct-03,55.20,64.4,62.8,48.6,54.6,45.6,39,58.5,53.5,,64.4,64.2,53.0,53.0,49.0,60,54.0,57.2
Nov-03,58.40,69.1,66.6,50.4,56.4,49.7,39.5,64,59,,61.1,61.3,54.4,53.0,51.0,62,52.5,58.5
Dec-03,60.10,71.3,70,54.1,59.3,45.9,39,66,61,,60.0,61.2,54.0,52.0,51.5,62,55.5,61.1
Jan-04,60.80,70.6,69.3,54.7,61.5,47.9,40,75.5,60.5,,67.7,65.4,55.1,56.5,49.5,59,53.5,62.2
Feb-04,59.90,66.5,65.6,55.7,62.9,49,38.5,81.5,62,,62.5,61.2,52.9,55.5,49.0,58,53.0,59.5
Mar-04,60.60,64.6,66.8,57,66.7,48,39.5,86,63.5,,62.3,62.1,53.8,55.0,51.5,60.5,52.5,65.0
Apr-04,60.60,67.1,66.6,57.2,66.7,45.2,40.5,88,66.5,,64.0,61.6,54.7,58.0,56.5,58,53.5,68.6
May-04,61.40,64.5,65.3,60.1,68.3,48.8,37,86,63,,62.6,60.7,54.5,56.0,54.0,60,56.5,71.0
Jun-04,60.50,60.9,63.7,59.4,67.1,51.3,39,81,58.5,,59.2,62.1,55.6,57.5,57.5,60.5,55.5,74.2
Jul-04,59.90,62.8,63.8,57.4,64.5,50.8,37.5,77,58,,63.2,63.2,49.7,58.0,54.0,64,55.0,71.9
Aug-04,58.50,62.1,59.3,56.4,62.8,52.1,45.5,81.5,55,,59.7,59.0,53.5,57.0,53.0,62.5,53.0,70.9
Sep-04,57.40,57.7,59.8,58,59.8,51.6,41.5,76,55,,60.0,60.6,55.3,55.5,51.5,61.5,52.5,67.0
Oct-04,56.30,58.4,59.3,55.5,59.2,49.3,43.5,78.5,49,,61.0,61.7,56.5,56.0,50.0,60.5,52.5,72.8
Nov-04,56.20,60.1,57.3,56.9,56.8,49.7,43.5,74,47.5,,62.8,61.1,54.8,55.0,52.5,61.5,54.0,70.6
Dec-04,57.20,66.3,57.9,53.8,55.3,52.8,44,72,54,,65.0,63.2,54.7,55.5,56.0,64,56.5,71.3
Jan-05,56.80,57.9,59.3,58.6,54.7,53.5,44.5,69,50.5,,62.5,62.4,54.6,52.5,49.5,64.5,48.0,69.1
Feb-05,55.50,55.9,58.2,56,56.5,51,42.5,65.5,50.5,,61.9,63.3,59.7,52.5,52.0,64.5,51.5,69.7
Mar-05,55.20,57.7,57.5,52.5,53.5,55,46,73,56,,61.3,60.5,57.2,53.0,52.5,64.5,56.5,65.6
Apr-05,52.20,53.4,54.2,53,51.8,48.5,41.5,71,53,,58.6,57.5,53.3,53.0,54.5,60.5,54.0,62.4
May-05,50.80,51.8,54.7,49.3,49.8,48.5,47.5,58,51,,57.5,58.2,51.8,53.5,51.5,63,56.5,57.6
Jun-05,52.40,55.7,55.1,51.1,52,48,44,50.5,51,,60.7,59.2,55.8,56.5,52.0,64.5,52.5,58.4
Jul-05,52.80,57.2,57.4,53.2,50.8,45.5,44.5,48.5,49,,61.3,64.4,55.1,57.0,52.5,64,53.5,65.8
Aug-05,52.40,57.8,55.6,51.8,49.9,47,46.5,62.5,50.5,,64.8,65.3,60.2,55.0,53.5,67,52.0,66.1
Sep-05,56.80,60.9,62.4,53.4,57.7,49.5,44.5,78,55,,55.2,56.2,55.4,56.0,50.0,64,52.0,83.5
Oct-05,57.20,61.4,62.1,54.3,61.8,46.5,41,84,55.5,,59.2,57.5,54.2,58.5,50.0,55,55.0,79.2
Nov-05,56.70,61.2,62.4,56,57,47,43.5,74,53,,59.2,59.6,56.9,60.5,54.0,60,54.0,72.6
Dec-05,55.10,60.1,60.3,53.7,54.9,46.5,48,63,49.5,,60.1,62.8,56.4,56.5,56.0,59,54.0,68.9
Jan-06,55.00,58.9,59.7,53.1,55.7,47.5,46,65,53.5,,58.6,57.4,54.5,54.5,55.0,63,52.5,69.9
Feb-06,55.80,61,57.9,53.5,54.4,52,48.5,62.5,54.5,,61.8,57.8,58.1,52.5,53.0,63.5,54.0,67.8
Mar-06,54.30,57,57,53.8,53.9,50,48,66.5,59.5,,60.0,58.6,55.1,54.0,54.0,63,50.5,60.1
Apr-06,55.20,55.7,57.1,54.2,57.4,51.5,46.5,71.5,57,,61.3,61.1,56.5,54.5,59.0,60,54.0,68.5
May-06,53.70,54.9,56,53.2,56.1,48.5,44,77,53,,58.1,58.6,54.6,56.5,59.0,59,52.0,70.5
Jun-06,52.00,55,53.4,49.9,54,47.5,45.5,76.5,54,,56.4,57.0,51.2,56.0,51.5,63,55.0,69.0
Jul-06,53.00,55.8,56.9,50.7,53.5,48,44.5,78.5,50.5,,56.3,58.1,53.6,54.5,53.0,60,56.0,70.6
Aug-06,53.70,55.3,55.2,52.6,54.2,51,46,73,51.5,,56.7,53.1,52.2,53.5,51.5,59,49.5,72.2
Sep-06,52.20,54.8,56.2,49.9,52.9,47,49,61,46.5,,54.4,56.5,52.9,54.0,50.5,63.5,53.0,60.6
Oct-06,51.40,54.1,54.3,49.6,51.3,47.5,52,47,44.5,,56.9,55.3,52.9,54.5,53.0,64.5,51.5,56.5
Nov-06,50.30,50.8,50.7,49.2,53.1,47.5,50.5,53.5,46.5,,59.2,56.7,52.2,50.0,51.5,57,54.5,56.7
Dec-06,51.40,51.4,52.7,49.8,55.7,47.5,50.5,47.5,45,,56.1,54.8,52.7,51.0,53.5,63.5,48.0,60.5
Jan-07,49.50,52.2,51.2,50.3,53.1,40.5,52,53,43.5,,58.3,55.6,54.8,53.5,47.0,65.5,49.0,56.8
Feb-07,51.90,55.1,53.8,50.9,52.8,47,53,59,51.5,,56.0,55.7,52.7,52.5,50.5,61.5,47.0,54.7
Mar-07,50.70,50.2,53.1,49.9,51.2,49,48,65.5,47,,52.8,53.2,51.9,50.0,52.0,63,52.5,61.9
Apr-07,52.60,57.4,56.2,51.9,50.3,47,47,73,54.5,,56.1,54.9,51.1,51.0,52.0,60.5,50.0,62.1
May-07,52.50,58.6,56.2,52.2,49.3,46,48,71,52.5,,58.1,57.1,52.2,49.5,61.0,61,48.0,63.2
Jun-07,52.60,57.7,59.5,51.9,48.9,45,47,68,53.5,,60.1,57.2,53.3,50.5,52.5,60.5,46.5,61.9
Jul-07,52.40,58.6,57,49.8,50,46.5,51,65,52,,57.1,54.5,51.1,51.5,55.0,65,53.0,60.3
Aug-07,50.90,54.4,54.3,50,49.2,46.5,49,63,50.5,,55.7,56.7,48.3,50.5,57.0,61.5,58.6,59.9
Sep-07,51.00,54.4,56.3,52,50.7,41.5,50,59,51,,54.2,52.6,52.5,50.5,50.0,62,47.0,68.6
Oct-07,51.10,56.4,51.3,50.7,51.6,45.5,54,63,46,,55.1,55.3,53.6,50.0,49.5,60,43.5,69.2
Nov-07,50.50,52.4,53.7,48.4,52.4,45.5,49,67.5,41.5,,55.7,51.9,51.6,51.5,50.5,61.5,48.5,75.3
Dec-07,49.00,46.5,49.2,48.6,56,44.5,51.5,68,43,,53.2,52.5,51.8,52.5,50.5,64.5,49.0,73.4
Jan-08,50.30,48,53.7,47.1,53.8,49,49.5,76,44,45.0,41.9,43.3,45.7,49.0,44.5,57,46.0,71.4
Feb-08,47.60,46.4,47.4,45.8,51.6,47,49,75.5,45,49.9,52.2,50.1,47.3,50.0,50.0,60.5,49.5,68.8
Mar-08,48.30,45.6,48.3,48.2,52.7,46.5,51,83.5,47.5,49.4,51.7,49.3,47.4,49.0,51.5,60.5,47.5,69.8
Apr-08,48.80,46.5,48.3,46.6,53.8,49,45,84.5,51.5,51.8,51.1,50.3,49.7,56.0,47.0,63,50.0,70.8
May-08,48.80,48.5,49.4,46.1,52.2,48,47,87,46,51.4,53.3,54.2,47.2,51.0,54.0,66.5,49.0,75.0
Jun-08,49.80,49.7,50.7,44.8,53.9,50,55,91.5,47.5,48.3,50.2,49.2,43.4,50.5,53.0,60,49.0,79.7
Jul-08,50.00,47,54.6,51.2,53.3,44,47,88.5,43,50.0,51.0,49.0,46.3,53.5,54.5,62.5,52.0,78.3
Aug-08,49.20,46.7,50.4,48.9,49.3,50.5,54.5,77,43.5,50.6,51.1,50.7,45.2,55.5,53.5,66,49.0,74.8
Sep-08,44.80,41.8,45.4,42.1,51.6,43,53.5,53.5,35,49.4,50.4,49.5,44.3,53.5,45.5,62.5,46.5,72.4
Oct-08,38.90,33.2,33.6,33.7,50.3,43.5,55,37,29.5,44.7,43.8,44.1,42.8,48.0,48.0,67.5,44.0,56.3
Nov-08,36.50,27.6,32.4,34.4,49.7,38.5,55,25.5,27,37.6,34.2,35.3,31.5,49.5,46.0,65,39.5,37.3
Dec-08,33.10,23.2,26.3,29.9,48.1,38,57,18,23,40.0,38.3,38.7,34.9,48.0,49.0,65.5,42.5,36.8
Jan-09,34.90,31.8,30.3,28.8,45.5,38,55.5,29,29.5,43.1,44.1,40.7,36.2,51.5,41.5,62.5,37.5,41.6
Feb-09,35.50,32.8,35.3,25.5,46,38,51,29,31,41.5,40.6,40.4,37.0,48.0,39.0,66.5,36.5,47.6
Mar-09,36.00,40.3,36.3,28.6,41.9,33,54,31,35.5,40.0,42.8,37.2,31.9,48.0,40.0,60,41.0,38.7
Apr-09,39.50,46.5,39,33.2,44.4,34.5,49.5,32,40.5,43.4,45.0,46.8,36.3,45.5,43.0,62.5,44.0,40.3
May-09,41.70,49,42.7,34.8,49.2,33,46,43.5,48,44.2,43.1,45.9,37.9,50.0,47.0,62.5,40.0,47.5
Jun-09,45.80,51.7,55.4,40.7,50.4,31,43.5,50,47.5,46.8,50.1,49.6,41.5,46.0,45.0,67,46.0,54.5
Jul-09,49.90,57.6,59.9,47.1,52.2,32.5,42.5,55,50,47.0,47.0,49.7,41.3,50.0,47.0,62.5,42.0,42.7
Aug-09,53.50,66.6,62.4,46.1,56.5,36,39,65,52.5,49.1,52.1,51.7,43.4,49.0,43.0,67.5,41.0,61.6
Sep-09,54.40,63.3,61.2,47.8,58.4,41.5,39,63.5,53.5,50.5,53.8,53.3,44.7,50.0,47.5,62,51.5,49.1
Oct-09,56.00,59.9,63,52.4,58.4,46.5,38.5,65,53.5,50.9,55.0,55.4,42.6,50.5,43.0,63.5,53.5,52.7
Nov-09,54.40,60.6,62.7,51.7,57.5,39.5,37,55,52,49.3,50.9,54.9,42.8,48.5,45.5,61.5,48.5,58.1
Dec-09,55.30,63,62.3,51.6,58.3,41.5,35,61.5,50,49.9,53.0,51.6,44.6,50.5,51.5,61,48.0,58.5
Jan-10,57.20,62.9,64.7,53.6,59,46,32,70,56,49.6,51.5,51.4,44.8,50.5,46.5,64.5,45.5,59.5
Feb-10,55.80,57.1,58.4,54.6,59.8,49,37,67,61,50.8,53.0,50.8,46.0,53.5,45.0,60,46.0,58.7
Mar-10,58.80,61.4,60.7,54,61.3,56.5,39,75,58,53.2,57.7,58.3,47.4,49.5,46.5,52.5,55.5,60.7
Apr-10,58.10,62.4,63,55.6,58.9,50.5,33,78,57.5,55.6,59.8,59.7,49.3,53.5,54.5,53.5,49.5,64.0
May-10,58.30,63.1,64.6,57.1,60.8,46,32,77.5,59.5,55.5,61.3,58.0,49.6,53.0,62.5,60.5,56.0,60.0
Jun-10,56.40,60,62.2,55.9,57.8,46,38,57,57,54.6,59.4,57.6,48.5,53.0,58.5,59,55.5,56.8
Jul-10,56.40,57,57.7,59.5,58.9,49,39,57.5,54.5,54.8,57.4,58.9,50.7,52.0,55.5,59,52.0,56.0
Aug-10,58.00,56.9,60.7,62.1,57.1,53,43.5,61.5,51.5,52.7,55.8,55.1,48.9,51.0,53.5,60,50.5,58.3
Sep-10,56.30,53.5,60.2,57.9,54,56,42.5,70.5,46.5,53.6,53.3,54.7,51.5,55.0,47.0,59.5,48.0,60.3
Oct-10,57.70,59.5,63.5,59.5,52.9,53,44,71,46,55.3,59.7,58.4,52.1,51.0,47.5,61.5,52.0,69.7
Nov-10,57.60,57.9,56,60.5,59.5,54,45.5,69.5,46,56.7,59.1,58.4,56.6,52.5,51.5,60,51.5,65.4
Dec-10,57.50,59.8,62.5,58.2,57,50,40,72.5,47,57.0,62.2,62.0,52.2,51.5,52.5,61.5,48.5,69.2
Jan-11,59.00,62.5,62.9,60.6,57.2,52,45.5,81.5,58,57.1,61.6,61.2,52.1,53.5,49.0,60,50.5,69.8
Feb-11,59.30,61.9,63.5,61.5,59.2,50.5,40,82,59,56.9,63.3,58.8,53.6,52.0,55.5,57.5,52.0,68.9
Mar-11,59.10,61.9,63.8,60.7,59.9,49,39.5,85,52.5,55.5,58.2,59.3,52.9,51.5,55.5,67,56.0,70.7
Apr-11,58.90,60.4,60.7,59.7,59.2,54.5,40.5,85.5,61,55.3,56.9,57.5,53.6,53.0,55.5,57.5,55.5,71.4
May-11,53.70,52.4,54.4,57.2,55.9,48.5,39.5,76.5,50.5,55.0,55.0,56.4,54.4,54.0,55.0,55,55.0,70.0
Jun-11,56.60,55.7,57.3,60.3,56.4,53.5,47,68,49,54.2,55.7,56.1,52.9,52.0,53.5,58.5,48.5,63.7
Jul-11,52.90,54.9,54.3,56.1,51.4,48,44,59,45,53.8,56.6,54.6,53.3,50.5,56.5,59.5,44.0,62.0
Aug-11,53.00,52.1,51.7,54.9,52,54.5,46.5,55.5,46,54.1,56.5,55.0,51.9,53.0,53.5,56,47.5,60.9
Sep-11,52.80,51.6,53.7,54.8,51.9,52,49,56,41.5,52.7,56.8,55.2,49.4,49.5,51.5,59,52.5,61.5
Oct-11,51.80,52.4,52.8,55.1,52,46.5,43.5,41,47.5,52.9,53.9,53.5,52.3,52.0,45.5,57.5,47.0,58.1
Nov-11,52.10,55.2,54.4,53,51.3,46.5,50,45,45,53.2,56.1,53.5,53.1,50.0,52.5,63,48.0,62.9
Dec-11,53.10,55.4,59.9,55,49.9,45.5,42.5,47.5,48,52.6,55.6,54.3,49.0,51.5,48.5,59.5,45.5,61.3
Jan-12,52.80,55.2,54.3,54,50.8,49.5,47.5,55.5,52.5,55.6,58.7,57.8,54.9,51.0,47.0,58.5,49.5,61.2
Feb-12,52.40,55.2,55.5,53.6,48.4,49.5,46,61.5,52,54.9,59.9,57.0,53.2,49.5,53.5,61.5,53.0,63.9
Mar-12,53.00,55.5,56.5,54.6,48.6,50,44.5,61,52.5,55.1,58.5,57.1,55.2,49.5,54.0,58.5,49.5,65.0
Apr-12,53.70,55.8,59.2,56.5,48.7,48.5,45.5,61,49.5,54.5,56.0,55.8,54.5,51.5,54.0,61,53.0,56.9
May-12,53.20,57.1,56.6,56,50.2,46,43.5,47.5,47,54.4,56.4,56.1,51.9,53.0,56.0,63,53.0,53.8
Jun-12,51.00,51.3,53.8,55.8,50,44,48.5,37,44.5,53.3,53.6,55.9,52.5,51.0,53.0,64.5,47.5,51.0
Jul-12,50.60,50.3,50.6,53.3,49.6,49,49.5,39.5,43,52.9,56.2,55.6,50.3,49.5,54.5,59,44.5,56.5
Aug-12,51.10,49.6,49.5,52.9,50.3,53,49,54,42.5,53.8,55.3,55.0,53.3,51.5,52.5,67,50.5,62.1
Sep-12,52.20,53.5,51.9,54.3,50.6,50.5,49.5,58,44,55.3,60.2,56.3,53.2,51.5,48.5,65,48.0,66.1
Oct-12,51.20,51.8,51.9,53.1,49.4,50,49,55,41.5,54.5,56.1,55.7,54.7,51.5,46.5,64,49.0,61.4
Nov-12,49.50,51.4,52.2,48.8,50.2,45,42.5,52.5,41,55.1,60.9,57.3,53.3,49.0,47.0,62.5,53.5,57.5
Dec-12,50.40,50.1,53.1,52.7,52.9,43,47,55.5,48.5,55.7,60.0,59.1,55.2,48.5,50.0,58,49.5,55.7
Jan-13,52.30,50.8,53.8,53.8,51.9,51,48.5,56.5,47.5,54.9,56.4,55.0,55.6,52.5,47.0,64,49.0,57.1
Feb-13,53.10,55.7,54.5,52.2,51.5,51.5,46.5,61.5,55,54.8,56.3,56.0,55.5,51.5,54.0,62.5,54.5,57.4
Mar-13,51.50,51.7,53.9,52.1,50.4,49.5,47.5,54.5,51,54.5,56.6,55.2,53.2,53.0,51.5,59.5,54.5,56.4
Apr-13,50.00,49.7,52.1,50.5,51.1,46.5,44.5,50,53,53.8,55.9,55.7,52.6,51.0,56.0,60.5,51.5,53.0
May-13,50.00,49.6,52.5,49,49.7,49,46,49.5,48,54.0,57.0,56.6,50.3,52.0,51.5,62.5,51.5,54.4
Jun-13,52.50,55.7,55.7,50,50.4,50.5,45,52.5,46.5,53.4,53.3,54.0,54.9,51.5,54.5,61.5,52.0,56.5
Jul-13,54.90,59.1,60.8,55.5,52,47,47.5,49,45,55.9,59.5,57.7,53.9,52.5,53.5,64,46.5,58.3
Aug-13,56.30,63.6,63,55,52.4,47.5,42.5,54,46.5,57.9,61.0,59.7,56.3,54.5,56.0,63.5,50.5,53.6
Sep-13,56.00,61.3,61.2,54.8,52.7,50,43,56.5,49.5,54.5,55.8,58.1,54.1,50.0,54.5,62,50.5,56.9
Oct-13,56.60,61.3,60.8,54.3,54.1,52.5,47,55.5,51.5,55.1,58.9,56.4,56.0,49.0,54.5,62.5,50.0,56.2
Nov-13,57.00,63.4,62.4,55.4,53.3,50.5,45,52.5,54,54.1,55.3,55.7,54.5,51.0,54.0,60.5,49.0,52.7
Dec-13,56.50,64.4,61.7,55.8,53.7,47,47.5,53.5,51.5,53.0,54.3,50.4,55.6,51.5,48.0,57.5,46.0,54.7
Jan-14,51.30,51.2,54.8,52.3,54.3,44,44,60.5,48,54.0,56.3,50.9,56.4,52.5,50.5,63,49.0,57.1
Feb-14,54.30,54.5,48.2,52.3,58.5,52.5,46.5,60,52,51.6,54.6,51.3,47.5,53.0,50.5,62,52.0,53.7
Mar-14,54.40,55.1,55.9,51.1,54,52.5,42,59,57.5,53.1,53.4,53.4,53.6,52.0,48.0,60.5,51.5,58.3
Apr-14,55.30,55.1,55.7,54.7,55.9,53,42,56.5,55.5,55.2,60.9,58.2,51.3,50.5,55.5,65,49.0,60.8
May-14,55.60,56.9,61,52.8,53.2,53,46.5,60,52.5,56.3,62.1,60.5,52.4,50.0,55.5,63,54.0,61.4
Jun-14,55.70,58.9,60,52.8,51.9,53,46.5,58,48,56.0,57.5,61.2,54.4,51.0,53.5,60.5,53.0,61.2
Jul-14,56.40,63.4,61.2,58.2,54.1,48.5,43.5,59.5,49.5,58.7,62.4,64.9,56.0,51.5,51.0,58,53.0,60.9
Aug-14,58.10,66.7,64.5,58.1,53.9,52,49,58,52.5,59.6,65.0,63.8,57.1,52.5,51.0,55,54.5,57.7
Sep-14,56.10,60,64.6,54.6,52.2,51.5,44.5,59.5,47,58.6,62.9,61.0,58.5,52.0,52.0,60,52.0,55.2
Oct-14,57.90,65.8,64.8,55.5,56.2,52.5,48,53.5,53,57.1,60.0,59.1,59.6,49.5,49.5,58.5,51.5,52.1
Nov-14,57.60,66,64.4,54.9,56.8,51.5,50,44.5,55,59.3,64.4,61.4,56.7,54.5,55.5,63,55.5,54.4
Dec-14,55.10,57.3,58.8,56.8,59.3,45.5,44.5,38.5,52.5,56.2,57.2,58.9,56.0,52.5,50.0,59,49.5,49.5
Jan-15,53.50,52.9,56.5,54.1,52.9,51,42.5,35,46,56.7,61.5,59.5,51.6,54.0,52.5,61.5,49.0,45.5
Feb-15,52.90,52.5,53.7,51.4,54.3,52.5,46.5,35,51.5,56.9,59.4,56.7,56.4,55.0,54.5,62,53.0,49.7
Mar-15,51.50,51.8,53.8,50,50.5,51.5,45.5,39,49.5,56.5,57.5,57.8,56.6,54.0,49.5,61,53.5,52.4
Apr-15,51.50,53.5,56,48.3,50.1,49.5,44,40.5,49.5,57.8,61.6,59.2,56.7,53.5,51.0,59.5,54.5,50.1
May-15,52.80,55.8,54.5,51.7,50.7,51.5,45.5,49.5,53.5,55.7,59.5,57.9,55.3,50.0,51.0,59,48.5,55.9
Jun-15,53.50,56,54,55.5,48.8,53,48.5,49.5,47,56.0,61.5,58.3,52.7,51.5,55.0,65,50.5,53.0
Jul-15,52.70,56.5,56,52.7,48.9,49.5,44,44,42.5,60.3,64.9,63.8,59.6,53.0,57.0,63.5,54.0,53.7
Aug-15,51.10,51.7,53.6,51.2,50.7,48.5,53,39,46.5,59.0,63.9,63.4,56.0,52.5,54.5,69,56.5,50.8
Sep-15,50.20,50.1,51.8,50.5,50.2,48.5,54.5,38,41.5,56.9,60.2,56.7,58.3,52.5,51.0,65,54.5,48.4
Oct-15,49.40,50.8,52.5,47.7,49.7,46.5,51,39,42.5,59.1,63.0,62.0,59.2,52.0,52.5,63,54.5,49.1
Nov-15,48.40,49,49.8,50.8,49.6,43,50.5,35.5,43,55.9,58.2,57.5,55.0,53.0,54.5,63.5,51.5,50.3
Dec-15,48.00,48.8,49.9,48,49.8,43.5,51.5,33.5,41,55.3,58.7,58.2,55.7,48.5,53.0,64.5,50.0,49.7
Jan-16,48.20,51.5,50.2,45.9,50,43.5,51.5,33.5,43,53.5,53.9,56.5,52.1,51.5,51.5,61.5,52.0,46.4
Feb-16,49.70,51.5,52.8,48.5,49.7,45,47,38.5,48.5,54.3,57.8,55.5,49.7,50.5,52.5,62,52.0,45.5
Mar-16,51.70,58.3,55.3,48.1,50.2,47,49,51.5,51,54.9,59.8,56.7,50.3,51.0,52.5,62.5,52.0,49.1
Apr-16,50.70,55.8,54.2,49.2,49.1,45.5,46,59,50.5,55.7,58.8,59.9,53.0,51.0,54.0,61,51.5,53.4
May-16,51.00,55.7,52.6,49.2,54.1,45,50,63.5,47,53.6,55.1,54.2,49.7,52.5,54.0,60,50.0,55.6
Jun-16,52.80,57,54.7,50.4,55.4,48.5,51,60.5,52.5,56.1,59.5,59.9,52.7,54.0,55.5,62.5,47.5,55.5
Jul-16,52.30,56.9,55.4,49.4,51.8,49.5,51,55,48,54.9,59.3,60.3,51.4,51.0,54.0,63,51.0,51.9
Aug-16,49.40,49.1,49.6,48.3,50.9,49,49.5,53,45.5,51.7,51.8,51.4,50.7,51.5,48.0,64,49.5,51.8
Sep-16,51.70,55.1,52.8,49.7,50.3,49.5,53,53,49.5,56.6,60.3,60.0,57.2,51.0,51.5,64.5,52.0,54.0
Oct-16,52.00,52.1,54.6,52.9,52.2,47.5,49.5,54.5,45.5,54.6,57.7,57.7,53.1,50.5,52.0,62,52.0,56.6
Nov-16,53.50,54.8,55.6,52.5,55.5,49,49,54.5,49,56.2,61.7,57.0,58.2,52.0,51.5,60.5,51.0,56.3
Dec-16,54.50,60.3,59.4,52.8,53,47,49,65.5,49,56.6,61.4,61.6,53.8,52.0,52.0,61.5,48.0,57.0
Jan-17,56.00,60.4,61.4,56.1,53.6,48.5,48.5,69,49.5,56.5,60.3,58.6,54.7,52.5,48.0,62,50.0,59.0
Feb-17,57.60,65.1,62.9,54.2,54.8,51.5,47.5,68,57,57.4,63.6,61.2,55.2,50.5,52.0,64.5,54.0,57.7
Mar-17,56.60,64.5,57.6,58.9,55.9,49,47,70.5,57.5,55.6,58.9,58.9,51.6,51.5,48.5,65,53.0,53.5
Apr-17,55.30,57.5,58.6,52,55.1,51,45.5,68.5,57,57.3,62.4,63.2,51.4,53.0,52.5,60,53.5,57.6
May-17,55.50,59.5,57.1,53.5,53.1,51.5,49.5,60.5,55,57.1,60.7,57.7,57.8,51.5,54.0,63,57.0,49.2
Jun-17,56.70,63.5,62.4,57.2,57,49,50.5,55,57,57.2,60.8,60.5,55.8,52.5,57.5,62,52.5,52.1
Jul-17,56.50,60.4,60.6,55.2,55.4,50,49,62,55,54.3,55.9,55.1,53.6,51.0,56.5,67.5,52.0,55.7
Aug-17,59.30,60.3,61,59.9,57.1,55.5,41,62,57.5,55.2,57.5,57.1,56.2,50.5,53.5,61,53.5,57.9
Sep-17,60.20,64.6,62.2,60.3,64.4,52.5,42,71.5,58,59.4,61.3,63.0,56.8,58.0,51.5,58.5,56.0,66.3
Oct-17,58.50,63.5,61,59.8,60.1,48.1,43.5,68.1,53.9,59.8,61.5,62.6,57.0,58.0,52.5,61,53.5,61.5
Nov-17,58.20,63.9,64.3,59.2,56.6,47.1,45.1,64.8,54.3,57.3,61.1,58.8,55.4,54.0,54.5,56,51.5,60.1
Dec-17,59.30,67.4,65.2,58.1,57.2,48.5,42.9,68.3,54.9,56.0,57.8,54.5,56.3,55.5,53.5,62.5,50.0,59.9
Jan-18,59.10,65.4,64.5,54.2,59.1,52.3,45.6,72.7,56.2,59.9,59.8,62.7,61.6,55.5,49.0,61,50.5,61.9
Feb-18,60.70,64.2,62,59.7,61.1,56.7,43.7,74.2,59.8,59.5,62.8,64.8,55.0,55.5,53.5,61,56.0,61.0
Mar-18,59.30,61.9,61,57.3,60.6,55.5,42,78.1,59.8,58.8,60.6,59.5,56.6,58.5,53.5,58.5,56.5,61.5
Apr-18,57.90,61.2,57.2,54.2,61.1,52.9,44.3,79.3,62,56.8,59.1,60.0,53.6,54.5,57.0,60,52.0,61.8
May-18,58.70,63.7,61.5,56.3,62,50.2,39.6,79.5,63.5,58.6,61.3,60.5,54.1,58.5,57.5,61,60.5,64.3
Jun-18,60.00,63.5,62.3,56,68.2,50.8,39.7,76.8,60.1,59.1,63.9,63.2,53.6,55.5,53.5,57.5,56.5,60.7
Jul-18,58.40,60.2,58.5,56.5,62.1,53.3,39.4,73.2,54.7,55.7,56.5,57.0,56.1,53.0,53.5,58,51.5,63.4
Aug-18,60.80,65.1,63.3,58.5,64.5,55.4,41,72.1,57.5,58.8,60.7,60.4,56.7,56.0,53.5,59.5,56.5,62.8
Sep-18,59.50,61.8,63.9,58.8,61.1,53.3,40.5,66.9,55.7,60.8,65.2,61.6,62.4,57.0,54.5,59.5,58.5,64.2
Oct-18,57.50,58,59.3,56.5,63.2,50.7,43.3,71.6,55.8,60.0,62.6,61.7,58.3,57.5,56.0,62,53.5,61.3
Nov-18,58.80,61.8,59.9,57.7,61.5,52.9,41.5,60.7,56.4,60.4,64.3,62.7,58.0,56.5,57.5,60,55.5,64.3
Dec-18,54.30,51.3,54.1,56,59,51.2,41.7,54.9,50,58.0,61.2,62.7,56.6,51.5,51.5,59,50.5,58.0
Jan-19,56.60,58.2,60.5,55.5,56.2,52.8,42.8,49.6,50.3,56.7,59.7,57.7,57.8,51.5,49.0,60.5,52.5,59.4
Feb-19,54.10,55.5,54.8,52.3,54.9,53.4,39,49.4,52.3,59.7,64.7,65.2,55.2,53.5,51.0,59,55.5,54.4
Mar-19,54.60,57.4,55.8,57.5,54.2,51.8,42.7,54.3,50.4,56.1,57.4,59.0,55.9,52.0,50.0,62.5,56.5,58.7
Apr-19,53.40,51.7,52.3,52.4,54.6,52.9,42.6,50,53.9,55.5,59.5,58.1,53.7,50.5,51.5,60,55.0,55.7
May-19,52.30,52.7,51.3,53.7,52,50.9,43.7,53.2,47.2,56.9,61.2,58.6,58.1,49.5,54.0,58.5,52.5,55.4
Jun-19,51.60,50,54.1,54.5,50.7,49.1,44.6,47.9,47.4,55.1,58.2,55.8,55.0,51.5,55.0,58.5,56.0,58.9
Jul-19,51.30,50.8,50.8,51.7,53.3,49.5,45.7,45.1,43.1,54.8,53.1,54.1,56.2,51.5,50.0,60.5,53.5,56.5
Aug-19,48.80,47.2,49.5,47.4,51.4,49.9,44.9,46,46.3,56.0,61.5,60.3,53.1,50.5,55.0,56,49.0,58.2
Sep-19,48.20,47.3,47.3,46.3,51.1,46.9,45.5,49.7,45.1,53.5,55.2,53.7,50.4,51.0,53.0,58,54.0,60.0
Oct-19,48.50,48.9,46.3,47.9,50.1,49.4,47.8,45.5,44.1,54.4,55.5,55.6,53.9,52.5,50.5,57,48.5,57.3
Nov-19,48.10,46.8,48,46.8,51.7,47.2,45,46.7,43,53.9,52.3,56.7,54.9,51.5,50.5,58.5,48.5,58.8
Dec-19,47.80,47.6,44.8,45.2,52.2,49.2,41.1,51.7,43.3,54.9,57.0,55.3,54.8,52.5,51.0,60,47.5,59.3
Jan-20,50.90,52,54.3,46.6,52.9,48.8,43.8,53.3,45.7,55.5,60.9,56.2,53.1,51.7,46.5,54.9,45.5,55.5
Feb-20,50.30,49.8,50.3,46.9,57.3,46.5,41.8,45.9,50.3,56.7,57.8,63.1,55.6,52.4,53.9,59.3,53.2,50.8
Mar-20,49.70,42.2,47.7,43.8,65,46.9,43.4,37.4,45.9,53.6,48.0,52.9,47.0,62.1,41.5,47.8,55.0,50.0
Apr-20,41.70,27.1,27.5,27.5,76,49.7,48.8,35.3,37.8,41.6,26.0,32.9,30.0,78.3,46.9,62.6,47.7,55.1
May-20,43.10,31.8,33.2,32.1,68,50.4,46.2,40.8,38.2,45.4,41.0,41.9,31.8,67.0,48.0,55.1,46.4,55.6
Jun-20,52.20,56.4,57.3,42.1,56.9,50.5,44.6,51.3,45.3,56.5,66.0,61.6,43.1,57.5,60.7,55.9,51.9,62.4
Jul-20,53.70,61.5,62.1,44.3,55.8,47,41.6,53.2,51.8,56.6,67.2,67.7,42.1,55.2,52.0,50,55.9,57.6
Aug-20,55.60,67.6,63.3,46.4,58.2,44.4,38.1,59.5,54.6,57.2,62.4,56.8,47.9,60.5,45.8,52.5,56.6,64.2
Sep-20,55.70,60.2,61,49.6,59,47.1,37.9,62.8,55.2,57.2,63.0,61.5,51.8,54.9,48.8,55.4,50.1,59.0
Oct-20,58.80,66.9,63.1,52.1,60.5,51.6,36.7,65.5,55.7,56.2,61.1,57.3,50.1,56.2,53.1,51.1,54.4,62.7
Nov-20,57.70,65.7,62.2,48.3,61.7,50.8,36.3,65.4,56.9,56.8,59.6,59.0,51.5,57.0,49.3,49.9,50.7,63.9
Dec-20,60.50,67.5,64.7,51.7,67.7,51,37.9,77.6,59.1,57.7,60.5,58.6,48.7,62.8,58.2,47.7,48.7,64.4
Jan-21,58.70,61.1,60.7,52.6,68.2,50.8,33.1,82.1,59.7,58.7,59.9,61.8,55.2,57.8,49.2,49.7,50.9,64.2
Feb-21,60.90,64.8,63.2,54.4,72,49.7,32.5,86,64,55.3,55.5,51.9,52.7,60.8,58.9,54.3,55.2,71.8
Mar-21,63.70,68,68.1,59.6,76.6,50.8,29.9,85.6,67.5,63.7,69.4,67.2,57.2,61.0,54.0,52.7,50.2,74.0
Apr-21,60.60,64.3,62.5,55.1,75,46.5,28.4,89.6,68.2,62.7,62.7,63.2,58.8,66.1,49.1,46.8,55.7,76.8
May-21,61.60,67,58.5,50.9,78.8,50.8,28,88,70.6,64.0,66.2,63.9,55.3,70.4,51.5,40.5,61.1,80.6
Jun-21,60.90,66,60.8,49.9,75.1,51.1,30.8,92.1,64.5,60.1,60.4,62.1,49.3,68.5,49.9,37.2,65.8,79.5
Jul-21,59.90,64.9,58.4,52.9,72.5,48.9,25,85.7,65,64.1,67,63.7,53.8,72.0,49.2,40.3,63.5,82.3
Aug-21,59.70,66.7,60,49,69.5,54.2,30.2,79.4,68.2,61.7,60.1,63.2,53.7,69.6,46.9,41.4,61.3,75.4
Sep-21,60.50,66.7,59.4,50.2,73.4,55.6,31.7,81.2,64.8,61.9,62.3,63.5,53.0,68.8,46.1,46.3,61.9,77.5
Oct-21,60.80,60.6,59,52.1,75.6,57,31.7,85.7,63.6,66.7,69.8,69.7,51.6,75.7,42.2,37.3,67.3,82.9
Nov-21,60.60,61.4,60.2,53,72.2,56.8,25.1,82.4,61.9,69.1,74.6,69.7,56.5,75.7,48.2,36.4,65.9,82.3
Dec-21,58.80,61,59.4,53.9,64.9,54.6,31.7,68.2,62.8,62.3,67.6,61.5,54.9,63.9,46.7,38.3,62.3,82.5
Jan-22,57.60,57.9,57.8,54.5,64.6,53.2,33,76.1,56.4,59.9,59.9,61.7,52.3,65.7,49.4,47.5,57.4,82.3
Feb-22,58.60,61.7,58.5,52.9,66.1,53.6,31.8,75.6,65,56.5,55.1,56.1,48.5,66.2,50.8,55.3,64.2,83.1
Mar-22,57.10,53.8,54.5,56.3,65.4,55.5,34.1,87.1,60,58.3,55.5,60.1,54.0,63.4,51.7,40.2,64.5,83.8
Apr-22,55.40,53.5,53.6,50.9,67.2,51.6,37.1,84.6,56,57.1,59.1,54.6,49.5,65.1,52.3,46.7,59.4,84.6
May-22,56.10,55.1,54.2,49.6,65.7,55.9,32.7,82.2,58.7,55.9,54.5,57.6,50.2,61.3,51.0,44.5,52.0,82.1
Jun-22,53.00,49.2,54.9,47.3,57.3,56,35.2,78.5,53.2,55.3,56.1,55.6,47.4,61.9,47.5,46.2,60.5,80.1
Jul-22,52.80,48,53.5,49.9,55.2,57.3,39.5,60,51.3,56.7,59.9,59.9,49.1,57.8,45.0,50.1,58.3,72.3
Aug-22,52.80,51.3,50.4,54.2,55.1,53.1,38.9,52.5,53,56.9,60.9,61.8,50.2,54.5,46.2,47.1,53.9,71.5
Sep-22,50.90,47.1,50.6,48.7,52.4,55.5,41.6,51.7,50.9,56.7,59.1,60.6,53.0,53.9,44.1,47.2,52.5,68.7
Oct-22,50.20,49.2,52.3,50,46.8,52.5,41.6,46.6,45.3,54.4,55.7,56.5,49.1,56.2,47.2,46.4,52.2,70.7
Nov-22,49.00,47.2,51.5,48.4,47.2,50.9,48.7,43,40,56.5,64.7,56.0,51.5,53.8,47.9,44.2,51.8,70.0
Dec-22,48.40,45.2,48.6,51.4,45.1,51.8,48.2,39.4,41.4,49.6,54.7,45.2,49.8,48.5,45.1,55.9,51.5,67.6
Jan-23,47.40,42.5,48,50.6,45.6,50.2,47.4,44.5,43.4,55.2,60.4,60.4,50.0,50.0,49.2,55.8,52.9,67.8
Feb-23,47.70,47,47.3,49.1,45.2,50.1,46.9,51.3,45.1,55.1,56.3,62.6,54.0,47.6,40.6,55.3,52.8,65.6
Mar-23,46.30,44.3,47.8,46.9,44.8,47.5,48.9,49.2,43.9,51.2,55.4,52.2,51.3,45.8,52.8,57.9,48.5,59.5
Apr-23,47.10,45.7,48.9,50.2,44.6,46.3,51.3,53.2,43.1,51.9,52.0,56.1,50.8,48.6,47.2,48.9,49.7,59.6
May-23,46.90,42.6,51.1,51.4,43.5,45.8,51.4,44.2,37.5,50.3,51.5,52.9,49.2,47.7,58.3,61,40.9,56.2
Jun-23,46.00,45.6,46.7,48.1,45.7,44,46.2,41.8,38.7,53.9,59.2,55.5,53.1,47.6,55.9,54,43.9,54.1
Jul-23,46.40,47.3,48.3,44.4,46.1,46.1,48.7,42.6,42.8,52.7,57.1,55.0,50.7,48.1,50.4,56.6,52.1,56.8
Aug-23,47.60,46.8,50,48.5,48.6,44,48.7,48.4,44.1,54.5,57.3,57.5,54.7,48.5,57.7,61.5,41.8,58.9
Sep-23,49.00,49.2,52.5,51.2,46.4,45.8,47.1,43.8,42.4,53.6,58.8,51.8,53.4,50.4,54.2,54.8,48.6,58.9
Oct-23,46.70,45.5,50.4,46.8,47.7,43.3,48.6,45.1,42.2,51.8,54.1,55.5,50.2,47.5,49.5,54.4,50.9,58.6
Nov-23,46.70,48.3,48.5,45.8,46.2,44.8,50.8,49.9,39.3,52.7,55.1,55.5,50.7,49.6,55.4,62.2,49.1,58.3
Dec-23,47.10,47,49.9,47.5,47,43.9,48.1,45.2,45.3,50.5,55.8,52.8,43.8,49.5,49.6,55.3,49.4,56.7
Jan-24,49.10,52.5,50.4,47.1,49.1,46.2,43.7,52.9,44.7,53.4,55.8,55,50.5,52.4,49.1,59.3,51.4,64
Feb-24,47.80,49.2,48.4,45.9,50.1,45.3,45.8,52.5,46.3,52.6,57.2,56.1,48,48.9,47.1,56.7,50.3,58.6
Mar-24,50.30,51.4,54.6,47.4,49.9,48.2,44,55.8,46.3,51.4,57.4,54.4,48.5,45.4,45.6,55.7,44.8,53.4
Apr-24,49.20,49.1,51.3,48.6,48.9,48.2,47.8,60.9,45.4,49.4,50.9,52.2,45.9,48.5,53.7,62.9,51.1,59.2
May-24,48.70,45.4,50.2,51.1,48.9,47.9,48.3,57,42.4,53.8,61.2,54.1,47.1,52.7,52.1,57.7,50.8,58.1
Jun-24,48.50,49.3,48.5,49.3,49.8,45.4,47.4,52.1,41.7,48.8,49.6,47.3,46.1,52.2,42.9,64.1,44,56.3
Jul-24,46.80,47.4,45.9,43.4,52.6,44.5,45.8,52.9,41.7,51.4,54.5,52.4,51.1,47.6,49.8,63.2,50.6,57
Aug-24,47.20,44.6,44.8,46,50.5,50.3,48.4,54,43.6,51.5,53.3,53,50.2,49.6,52.9,54.9,43.7,57.3
